smiles_nid,protein_nid,protein_id,Y
0,0,P28221,0
3,3,Q9Y2D0,1
4,4,O94766,0
5,5,P31645,1
7,7,P04632,0
9,9,Q9Y6R4,1
10,10,P51003,0
11,11,P63098,0
12,9,Q9Y6R4,1
15,14,P21695,0
16,15,P27824,0
17,16,P00387,0
18,3,Q9Y2D0,1
19,17,P04062,1
20,18,Q99720,1
21,19,P30273,0
23,21,Q9H7Z6,1
24,22,Q9H3S4,1
25,23,P08697,0
27,25,Q02641,0
23,26,Q13107,1
28,27,Q01740,0
30,29,Q8IYT8,1
31,30,P47895,0
33,28,Q9Y5Y4,1
34,32,P19440,0
35,33,Q9Y617,1
36,34,P24530,0
37,35,P13051,0
40,37,O60294,0
41,38,Q8TCU5,1
42,39,P80188,0
43,40,P78536,1
44,41,P36542,1
45,42,P02818,0
46,43,Q9Y257,0
48,45,Q13258,0
49,46,P56696,0
50,48,Q02750,0
51,51,Q96LZ3,1
52,52,O75676,0
53,28,Q9Y5Y4,1
9,53,P22455,1
54,54,P31323,1
55,55,Q6NYC1,1
56,56,P37058,0
57,57,Q15181,0
58,58,P16591,1
59,28,Q9Y5Y4,1
61,61,P35749,0
62,62,P20674,1
63,63,P00966,0
64,64,Q03431,0
65,65,Q16836,0
66,66,Q99928,0
67,67,P30519,0
68,68,P08069,0
69,69,P51451,1
70,70,P02144,0
71,72,O95749,0
72,74,P09467,0
73,75,P30405,0
74,76,Q3LIE5,1
75,44,Q9Y5K2,1
76,77,Q14289,1
77,78,P00480,0
78,79,P10827,0
80,81,Q16478,1
81,82,P17213,0
82,83,Q9BY49,1
83,84,Q8WUI4,0
84,85,P00734,1
85,86,P34896,0
87,88,P49589,0
88,89,Q9ULZ9,1
89,90,Q12852,1
90,91,P35968,0
91,85,P00734,1
92,92,Q01469,0
93,93,P00813,1
94,9,Q9Y6R4,1
95,94,P35228,1
97,95,Q9H4Y5,0
51,55,Q6NYC1,1
98,56,P37058,0
99,9,Q9Y6R4,1
103,101,Q6UWM7,0
104,102,Q92569,0
61,103,P01116,0
23,104,P14854,1
105,105,Q9NRF9,0
106,92,Q01469,0
107,106,P50336,1
109,108,P08243,0
23,109,Q86Y97,1
110,110,P00374,0
111,111,P20839,1
112,112,Q16270,0
114,114,P42345,0
115,115,Q15796,0
116,116,P54577,0
117,117,P07919,1
118,118,P03372,1
76,9,Q9Y6R4,1
119,119,O60264,0
120,28,Q9Y5Y4,1
121,120,P13726,0
123,122,P43235,1
124,123,P15954,1
125,124,P05981,0
121,125,P06213,0
62,126,P00156,1
126,127,P00519,0
127,3,Q9Y2D0,1
129,89,Q9ULZ9,1
132,130,P06401,1
133,131,O00206,1
134,132,Q8N139,0
135,133,P15259,0
136,134,P02461,0
137,135,P21554,0
138,136,Q00975,0
139,137,O60760,0
140,139,O95255,0
141,140,P69905,1
142,141,P06576,0
92,142,P13073,0
143,143,P29475,1
144,144,O43497,0
145,146,Q15375,1
146,147,Q9NP99,1
148,149,P03897,0
9,150,P42684,1
149,151,P18505,0
150,152,P13945,0
151,154,P08253,1
44,155,Q9UKV8,1
152,156,P62508,0
153,157,Q9Y6Y9,0
154,44,Q9Y5K2,1
155,158,P31146,1
157,99,P11310,0
44,161,Q9UBT6,1
159,162,P07737,0
160,163,P26358,0
161,164,O43353,1
23,165,O15151,1
164,167,P08709,0
165,168,Q8NFM4,1
166,169,O00217,0
167,170,P08294,1
168,171,Q8WWI5,0
9,172,Q99683,1
169,173,Q12906,1
170,174,Q96BH3,0
172,176,P40261,1
173,177,P28332,0
174,178,P12318,0
175,180,P30926,0
176,9,Q9Y6R4,1
65,182,P22735,0
178,183,Q16772,1
179,184,P13569,1
182,189,P41143,0
183,190,P35398,0
184,191,P10646,0
185,193,P49448,1
186,9,Q9Y6R4,1
138,194,P16083,0
188,196,P32322,0
190,197,P42261,0
191,3,Q9Y2D0,1
193,199,P05062,0
57,200,P13929,0
190,201,P48058,0
194,202,P22303,1
195,28,Q9Y5Y4,1
196,203,Q92831,0
197,74,P09467,0
198,204,Q01064,1
199,205,P43490,0
200,206,Q9Y285,0
50,195,Q13363,0
58,207,P07949,1
201,208,P09874,0
202,209,O95881,0
203,210,P01909,1
204,212,P49913,0
149,213,O15540,0
206,28,Q9Y5Y4,1
23,217,Q9ULW5,1
209,218,P04181,0
210,219,P45381,0
211,220,P00403,0
212,129,O60895,0
144,221,O60391,0
213,222,P50897,0
214,223,P15086,0
215,224,P20339,0
216,34,P24530,0
217,225,P11498,0
218,226,P35354,1
219,227,Q7Z4J2,1
220,28,Q9Y5Y4,1
222,229,P35462,0
24,9,Q9Y6R4,1
10,230,Q06278,0
223,211,Q9Y6A2,1
224,176,P40261,0
225,231,Q15858,0
226,28,Q9Y5Y4,1
25,232,P29034,0
227,233,Q13976,1
228,234,P21439,0
230,3,Q9Y2D0,1
231,236,Q99574,1
233,238,P0C0L4,0
175,239,O14521,0
235,243,P21964,1
55,244,Q9NWT6,1
236,245,Q9NYK1,0
209,247,P09871,0
238,248,P36897,0
242,252,P60880,0
51,253,Q16665,1
243,254,Q9Y3R4,1
244,255,Q9BR01,1
245,256,Q92753,1
246,257,P42336,0
247,258,Q9NSA0,1
250,261,Q8N8R3,0
251,262,P51168,0
252,263,P16930,1
253,264,O75911,0
254,265,P10600,0
255,266,P43116,0
256,28,Q9Y5Y4,1
257,9,Q9Y6R4,1
242,201,P48058,0
258,268,Q96C86,1
259,270,Q8NE62,0
23,271,Q9Y3Y4,1
261,49,P24385,1
161,274,Q15303,1
263,9,Q9Y6R4,1
264,275,P98194,0
265,122,P43235,1
266,9,Q9Y6R4,1
28,276,Q9UBK8,0
25,277,Q96AZ6,0
267,181,O14646,0
105,279,P48147,0
268,280,P24752,0
269,281,P02768,1
270,282,P54829,1
44,283,Q9Y376,1
272,284,P17181,0
222,285,P21980,0
273,286,P16471,0
274,64,Q03431,0
34,287,P17752,0
275,288,P16870,0
23,290,Q53HL2,1
82,9,Q9Y6R4,1
277,292,P12277,0
279,9,Q9Y6R4,1
282,295,P27986,0
285,298,Q8TD19,1
287,300,P00492,0
288,302,P09104,0
289,9,Q9Y6R4,1
291,28,Q9Y5Y4,1
293,218,P04181,0
294,305,Q05940,0
295,306,Q9UHY7,1
282,308,P01023,0
296,309,Q9Y6M4,1
299,94,P35228,1
301,153,Q6JVE9,1
302,313,Q9UGM1,0
303,314,P09210,0
304,316,P37088,0
305,317,Q9Y2I1,0
306,318,O43920,0
307,320,Q13332,0
309,87,Q86TI2,1
310,324,O00222,0
311,325,Q8N0U8,0
312,3,Q9Y2D0,1
313,49,P24385,1
314,202,P22303,1
304,326,P48549,0
315,327,Q9HD89,1
316,328,P08588,0
203,329,O60942,1
318,9,Q9Y6R4,1
319,123,P15954,1
320,331,O14874,0
23,321,P56817,1
321,309,Q9Y6M4,1
323,334,P01270,0
324,282,P54829,1
325,335,O14556,0
327,28,Q9Y5Y4,1
329,256,Q92753,1
330,340,Q9HB21,0
331,341,P42338,1
332,340,Q9HB21,0
333,104,P14854,0
334,342,Q9NXG6,0
336,343,P22314,0
337,344,P14174,1
338,229,P35462,0
339,345,P33261,0
340,97,P20711,0
341,347,Q494W8,1
342,235,P00167,0
343,28,Q9Y5Y4,1
344,81,Q16478,1
198,26,Q13107,1
345,348,Q9NUW8,1
346,349,P0DJD8,1
348,351,P36544,0
349,352,Q9BQB6,0
21,354,P45452,0
351,355,Q9NY46,0
352,356,Q05655,0
353,357,Q9UI09,0
354,18,Q99720,1
355,358,P78362,0
357,84,Q8WUI4,0
358,9,Q9Y6R4,1
359,360,Q07954,0
360,362,P00505,0
361,85,P00734,1
362,211,Q9Y6A2,1
363,258,Q9NSA0,1
364,365,P01584,0
365,366,O15118,1
366,240,Q96QT4,0
367,367,Q9UKU7,1
368,368,Q8N9I0,0
369,74,P09467,0
315,8,P54652,1
153,70,P02144,0
44,370,O00401,1
370,371,P37059,0
7,373,P25092,0
371,374,Q16568,0
373,376,P53004,0
23,15,P27824,1
374,378,P08574,1
375,147,Q9NP99,0
376,28,Q9Y5Y4,1
377,379,P51606,0
380,382,Q92731,1
157,383,P16234,0
381,384,P22830,0
384,387,Q9BVJ7,0
228,388,O75460,0
385,389,O00469,0
23,391,Q9UJ41,1
387,392,P08908,0
388,393,P04070,0
389,394,P0CG29,0
44,395,P31930,1
25,396,P49747,0
390,397,P07858,1
391,398,P34059,1
392,9,Q9Y6R4,1
324,399,Q9BV79,1
367,106,P50336,1
393,401,Q15382,0
394,196,P32322,0
395,402,P24462,0
294,404,P23416,0
398,44,Q9Y5K2,1
399,406,P29972,0
400,407,P02788,1
50,410,O43181,0
9,411,Q02763,1
402,28,Q9Y5Y4,1
324,94,P35228,1
404,413,Q14749,0
405,130,P06401,1
161,150,P42684,1
406,206,Q9Y285,0
407,414,Q9UL51,0
89,9,Q9Y6R4,1
408,415,Q6ZQY3,0
99,416,O14976,1
28,417,P31153,0
410,418,P31150,0
411,28,Q9Y5Y4,1
412,419,Q16853,0
414,9,Q9Y6R4,1
415,421,O95445,0
416,422,Q9ULV8,1
420,425,P98153,1
23,399,Q9BV79,1
422,426,Q71U36,0
423,153,Q6JVE9,1
425,429,O60939,0
426,431,P22748,0
427,432,P40616,0
428,143,P29475,1
429,433,P17900,0
430,434,P04424,0
431,28,Q9Y5Y4,1
432,435,P05177,0
23,436,Q9ULA0,1
433,437,Q16515,0
434,438,P06280,0
437,442,P37231,1
251,443,Q86XF0,0
416,446,P43405,1
439,5,P31645,1
440,447,P21731,0
441,9,Q9Y6R4,1
222,448,Q16620,0
443,122,P43235,1
58,90,Q12852,1
155,451,Q04917,1
9,69,P51451,1
445,452,P63316,1
446,281,P02768,1
24,454,P54619,1
448,455,O95819,1
450,457,Q04828,1
451,458,O43776,0
324,459,P02511,1
44,28,Q9Y5Y4,1
452,460,P08519,1
453,183,Q16772,0
454,28,Q9Y5Y4,1
455,461,P09238,0
457,463,P11142,0
459,420,P08559,0
460,465,P49247,0
461,466,Q07912,0
462,28,Q9Y5Y4,1
463,467,P31751,0
464,448,Q16620,0
465,443,Q86XF0,1
466,468,P49441,1
467,469,P51170,0
23,470,P35625,1
468,472,O14936,0
466,3,Q9Y2D0,1
58,473,Q9Y2U5,1
470,475,P11217,1
471,458,O43776,0
474,477,Q9UHI5,0
475,344,P14174,0
476,44,Q9Y5K2,1
477,203,Q92831,0
478,479,Q9UPN6,1
68,480,P10636,0
479,3,Q9Y2D0,1
319,481,P14927,1
480,482,P50213,0
31,151,P18505,0
23,484,Q9H6I2,1
481,485,O15244,0
482,315,Q9H477,1
483,106,P50336,1
484,487,Q08426,0
485,488,Q96A70,0
486,489,O60858,0
487,457,Q04828,1
338,490,P08174,0
488,491,P11684,0
489,279,P48147,1
72,492,P34741,0
490,493,P12314,0
366,494,Q16831,0
65,495,P11388,0
492,496,P08684,0
493,393,P04070,0
494,497,Q8NHR9,1
324,499,Q9UBV7,1
496,500,Q8WY07,0
453,495,P11388,0
498,501,P31644,0
499,3,Q9Y2D0,1
366,502,O43570,0
500,24,O95470,0
501,503,Q06432,0
502,443,Q86XF0,1
503,504,Q9UI42,1
504,505,P48544,0
505,506,Q96NT5,0
506,507,P23141,0
507,508,P41594,0
508,509,Q9P2W7,0
509,510,Q8N8N7,1
512,512,Q03393,0
513,475,P11217,1
303,513,Q04760,0
514,514,P14735,0
516,516,P51161,1
517,518,P21802,0
477,182,P22735,0
169,239,O14521,1
518,520,P16455,0
519,521,P01185,1
466,522,Q9BZI7,1
23,3,Q9Y2D0,1
520,9,Q9Y6R4,1
523,524,P28331,0
524,28,Q9Y5Y4,1
169,525,Q7L266,1
62,123,P15954,1
526,526,O43704,0
527,159,Q96MW5,0
528,527,P21912,0
529,528,Q9P2J5,0
530,529,Q9NW38,1
531,530,P12236,0
532,61,P35749,0
533,9,Q9Y6R4,1
534,28,Q9Y5Y4,1
157,532,O75489,0
58,534,P22607,1
264,535,P04798,0
461,536,P17342,0
537,537,P31040,0
538,28,Q9Y5Y4,1
539,538,P98170,0
540,521,P01185,1
264,540,P05181,0
543,9,Q9Y6R4,1
544,9,Q9Y6R4,1
545,515,P11802,0
547,543,P25103,0
58,545,P53355,1
548,546,Q07817,0
549,134,P02461,0
391,547,O43854,1
551,177,P28332,0
552,331,O14874,0
553,549,P05787,0
554,550,O15145,0
23,551,Q13822,1
25,552,Q06187,0
555,553,P02766,1
167,555,O00255,1
556,556,Q15661,0
161,69,P51451,1
557,457,Q04828,1
21,558,P42892,0
559,559,P01178,0
560,117,P07919,1
561,560,Q00653,0
58,145,Q9UQM7,1
562,561,P30793,0
563,562,P14410,0
564,198,Q01959,1
565,360,Q07954,0
202,563,P35222,0
367,239,O14521,1
567,564,P09917,0
568,565,Q14432,0
569,566,O60658,1
394,567,P61073,0
570,568,O15440,0
572,570,P35498,0
573,571,P14770,0
391,572,Q9Y286,1
575,137,O60760,0
577,28,Q9Y5Y4,1
360,576,O75469,0
578,577,Q9Y6L6,0
579,9,Q9Y6R4,1
580,577,Q9Y6L6,0
581,578,P35348,0
582,580,P33260,0
321,581,Q8TEK3,1
583,28,Q9Y5Y4,1
263,58,P16591,1
584,582,Q9Y4D2,1
586,584,P14210,0
68,203,Q92831,0
416,585,P22681,1
587,151,P18505,0
190,586,P43220,0
588,198,Q01959,1
589,28,Q9Y5Y4,1
25,587,P07204,0
214,589,Q99798,0
590,266,P43116,0
591,583,Q14524,0
368,590,Q15596,0
517,195,Q13363,0
592,591,P46926,0
165,593,Q9NWX6,1
593,89,Q9ULZ9,1
594,102,Q92569,0
31,4,O94766,0
595,595,P14555,0
596,421,O95445,0
28,7,P04632,0
597,596,Q16678,0
598,5,P31645,1
50,597,Q02338,0
599,599,Q15067,1
600,600,P02708,0
601,365,P01584,0
602,602,P08913,0
138,605,P30837,0
466,81,Q16478,1
605,28,Q9Y5Y4,1
202,607,Q9Y6M7,0
607,608,P17936,0
608,28,Q9Y5Y4,1
302,609,Q16773,0
609,610,P07510,0
611,565,Q14432,1
169,613,P01730,1
368,224,P20339,0
612,202,P22303,1
613,28,Q9Y5Y4,1
614,615,P15531,0
615,616,P43003,0
319,617,P00414,1
23,620,P15927,1
616,621,Q05901,0
617,28,Q9Y5Y4,1
618,565,Q14432,1
619,9,Q9Y6R4,1
315,623,Q12888,1
620,624,O15530,1
621,217,Q9ULW5,1
622,9,Q9Y6R4,1
623,626,P09958,0
624,114,P42345,1
625,292,P12277,0
24,627,P12724,1
627,211,Q9Y6A2,1
628,406,P29972,0
629,28,Q9Y5Y4,1
233,629,Q13423,0
630,457,Q04828,1
365,506,Q96NT5,0
631,28,Q9Y5Y4,1
632,631,Q9Y646,0
78,634,O60603,0
635,635,P07550,0
25,637,Q12797,0
23,638,Q9NTG7,1
348,639,P28472,0
637,640,P02671,0
638,641,P11474,0
639,255,Q9BR01,1
363,256,Q92753,1
640,4,O94766,0
641,642,P23526,0
279,643,Q9H2G2,1
51,644,O76003,1
459,647,Q7L0J3,0
642,9,Q9Y6R4,1
643,234,P21439,0
645,28,Q9Y5Y4,1
222,648,P31749,0
648,28,Q9Y5Y4,1
649,649,P02743,0
650,74,P09467,1
410,213,O15540,0
466,9,Q9Y6R4,1
315,652,P52179,1
654,653,Q07837,0
656,565,Q14432,1
609,655,P11230,0
657,595,P14555,0
223,28,Q9Y5Y4,1
51,656,Q04609,1
658,657,P08123,0
659,6,P11137,0
660,658,P35372,0
25,445,P29762,0
23,659,Q96FJ0,1
420,3,Q9Y2D0,1
662,661,Q6W5P4,0
663,9,Q9Y6R4,1
664,508,P41594,0
211,336,P48061,0
23,664,Q8TDB6,1
477,666,P19634,0
667,667,P20061,0
668,668,Q9UQF2,0
74,44,Q9Y5K2,1
620,670,Q9UK32,1
670,657,P08123,0
671,102,Q92569,0
672,28,Q9Y5Y4,1
529,671,P23921,0
673,672,P09622,1
615,673,O95665,0
675,87,Q86TI2,1
677,9,Q9Y6R4,1
678,675,P01189,0
679,200,P13929,0
680,676,Q07343,0
19,678,P09848,1
140,248,P36897,0
509,407,P02788,1
682,9,Q9Y6R4,1
683,634,O60603,0
684,589,Q99798,0
685,679,Q13231,0
686,308,P01023,0
25,144,O43497,0
285,53,P22455,1
687,624,O15530,1
688,683,Q9UNN8,0
203,684,Q9UJY5,1
689,686,O00763,0
89,145,Q9UQM7,1
690,688,P61626,1
691,689,P14625,0
692,570,P35498,0
693,690,Q96QZ7,1
694,691,P11086,0
51,692,Q5VVH2,1
696,693,P56937,0
697,85,P00734,1
698,694,P48029,0
21,695,P49591,0
558,633,P48736,1
699,531,Q07075,0
701,28,Q9Y5Y4,1
148,696,Q99808,0
23,236,Q99574,1
559,697,O76083,0
702,424,O43741,0
703,698,P09172,0
704,245,Q9NYK1,0
705,98,Q9Y3B4,1
706,28,Q9Y5Y4,1
9,699,Q16584,1
23,701,P62753,1
707,702,P08048,0
708,703,O43674,0
709,352,Q9BQB6,0
710,704,O15144,0
23,705,Q9NZ08,1
711,706,Q09428,0
713,707,O14939,0
475,708,P16070,0
714,656,Q04609,1
715,251,Q02127,1
716,710,P15559,0
717,711,Q07973,0
573,712,P41743,0
718,130,P06401,1
65,713,P00746,0
719,689,P14625,1
721,28,Q9Y5Y4,1
722,715,Q9H4B7,0
723,274,Q15303,1
724,122,P43235,1
726,716,P21796,0
727,717,P51512,1
728,448,Q16620,1
654,718,O00591,0
729,632,P23258,0
114,720,P99999,0
51,721,Q9Y3D2,1
730,678,P09848,0
732,723,P48745,0
733,724,P16066,0
25,360,Q07954,0
735,726,Q9BZV2,0
736,727,P01889,1
737,438,P06280,0
738,140,P69905,1
739,728,Q00796,0
76,90,Q12852,1
740,718,O00591,0
742,558,P42892,1
743,730,P08172,0
744,731,P21673,1
745,124,P05981,0
746,732,Q08209,0
548,286,P16471,0
747,733,P17812,0
748,734,P07359,0
749,717,P51512,1
750,736,Q9BWD1,0
199,728,Q00796,0
34,737,P23434,0
752,738,Q96CD2,0
381,739,P03915,0
753,44,Q9Y5K2,1
754,741,Q14957,1
755,181,O14646,0
23,89,Q9ULZ9,1
167,349,P0DJD8,1
756,742,Q99714,0
757,649,P02743,0
251,743,P22459,0
758,739,P03915,0
212,744,O00329,0
7,653,Q07837,0
61,745,P18031,0
759,746,P04054,0
760,747,P53611,1
762,748,Q13698,0
763,749,Q9UM07,0
764,231,Q15858,0
220,198,Q01959,1
765,245,Q9NYK1,0
303,750,P49411,0
766,245,Q9NYK1,0
767,524,P28331,0
768,752,P19404,0
769,150,P42684,1
770,753,P25705,1
58,670,Q9UK32,1
771,754,P11168,0
772,755,P53582,0
773,9,Q9Y6R4,1
774,757,P05771,0
775,758,P08100,0
664,389,O00469,0
776,211,Q9Y6A2,1
686,765,P01024,0
366,766,Q99661,0
780,631,Q9Y646,0
781,767,P40926,1
782,768,P24666,0
783,769,P31939,0
25,74,P09467,0
786,771,P42768,0
788,44,Q9Y5K2,1
789,251,Q02127,0
560,378,P08574,1
58,29,Q8IYT8,1
790,399,Q9BV79,1
561,523,P05556,0
353,410,O43181,0
792,675,P01189,0
23,772,Q08881,1
352,773,Q12879,0
793,140,P69905,1
794,282,P54829,1
795,516,P51161,0
185,382,Q92731,1
797,775,P16219,0
798,397,P07858,1
799,776,O95139,0
800,28,Q9Y5Y4,1
789,777,P15328,0
391,778,P17050,1
44,689,P14625,1
801,3,Q9Y2D0,1
58,455,O95819,1
802,779,Q53H82,1
803,233,Q13976,1
804,780,P35368,0
173,781,P68363,0
805,321,P56817,1
199,511,P52788,0
209,782,P24855,0
498,309,Q9Y6M4,0
806,294,P48443,1
808,523,P05556,0
662,394,P0CG29,0
324,9,Q9Y6R4,1
285,446,P43405,1
809,226,P35354,1
810,783,Q9NYX4,0
811,784,O43526,0
62,230,Q06278,1
812,785,Q9NSE4,0
348,786,Q8N1C3,0
813,211,Q9Y6A2,1
692,487,Q08426,0
155,170,P08294,1
816,788,P08581,1
433,789,P20062,0
23,792,P68036,1
818,793,P12271,0
23,47,Q9UBE0,1
819,143,P29475,1
820,794,Q9UJT1,0
496,287,P17752,0
821,19,P30273,0
822,796,Q99758,0
475,754,P11168,0
824,798,P26639,0
825,193,P49448,1
826,799,Q5TDP6,0
827,800,P35790,0
828,801,P47869,0
829,802,P51511,0
736,44,Q9Y5K2,1
728,803,Q04771,1
23,804,Q9GZT9,1
643,407,P02788,0
830,9,Q9Y6R4,1
831,274,Q15303,1
832,751,P07602,0
388,805,P05067,0
834,806,P15309,1
475,301,P04818,0
423,807,Q8NC06,1
69,207,P07949,1
835,36,P11387,0
173,808,O95169,0
837,537,P31040,0
838,811,P49720,0
839,9,Q9Y6R4,1
840,28,Q9Y5Y4,1
466,812,P06744,1
466,813,O15455,1
841,814,P59998,0
842,28,Q9Y5Y4,1
560,395,P31930,1
423,815,Q8IUR0,1
843,44,Q9Y5K2,1
89,466,Q07912,1
844,9,Q9Y6R4,1
845,816,Q9HCD5,0
846,238,P0C0L4,0
847,817,P36021,0
848,9,Q9Y6R4,1
849,226,P35354,1
850,28,Q9Y5Y4,1
55,818,Q9H3R0,1
167,9,Q9Y6R4,1
851,94,P35228,1
852,820,P15170,0
23,821,Q96CA5,1
853,822,Q16775,0
854,49,P24385,1
855,9,Q9Y6R4,1
856,824,P02675,0
857,347,Q494W8,1
58,319,P14616,1
23,826,P47224,1
859,28,Q9Y5Y4,1
569,565,Q14432,1
23,183,Q16772,1
104,154,P08253,0
861,9,Q9Y6R4,1
863,829,P11166,0
821,266,P43116,0
865,28,Q9Y5Y4,1
866,830,P31949,0
121,832,P17174,0
368,4,O94766,0
639,382,Q92731,1
868,335,O14556,0
146,834,Q96PD5,1
869,202,P22303,1
99,612,Q16288,1
871,587,P07204,0
872,460,P08519,1
874,647,Q7L0J3,0
876,836,P08637,0
579,267,Q9P0L2,1
23,838,P16333,1
145,840,P07333,1
878,841,P12235,0
879,78,P00480,0
167,842,Q9Y5P4,1
880,843,P52799,0
882,845,P21917,0
304,505,P48544,0
883,9,Q9Y6R4,1
829,717,P51512,0
884,527,P21912,1
885,846,Q9NPB1,1
886,848,P00367,0
887,849,P04271,0
615,501,P31644,0
888,420,P08559,0
167,627,P12724,1
889,850,P04049,0
133,157,Q9Y6Y9,1
890,852,P43080,0
23,853,P32969,1
892,516,P51161,1
294,856,P23415,0
72,373,P25092,0
893,857,P19174,1
584,858,O00519,1
894,859,P30041,0
561,64,Q03431,0
897,3,Q9Y2D0,1
900,861,Q8TC12,0
293,561,P30793,0
416,9,Q9Y6R4,1
901,862,Q9UPY5,0
591,863,Q07699,0
903,864,P12429,1
904,44,Q9Y5K2,1
905,257,P42336,0
906,230,Q06278,1
907,865,O15431,0
492,553,P02766,0
908,209,O95881,0
466,296,Q3ZCW2,1
909,286,P16471,0
910,866,P54687,1
912,867,P33681,0
915,869,P07339,0
615,870,P43004,0
916,871,Q9Y5Y6,0
381,475,P11217,0
917,872,P20472,0
918,28,Q9Y5Y4,1
919,9,Q9Y6R4,1
921,873,P62942,0
23,565,Q14432,1
922,294,P48443,1
923,460,P08519,0
924,874,P11229,0
925,97,P20711,0
926,875,Q86WA6,0
927,28,Q9Y5Y4,1
303,183,Q16772,0
928,876,Q7Z4W1,0
929,9,Q9Y6R4,1
74,208,P09874,1
65,877,P41180,0
868,687,P03950,0
930,878,O60911,0
44,879,P23381,1
931,28,Q9Y5Y4,1
934,382,Q92731,0
935,882,Q16445,0
936,633,P48736,1
145,150,P42684,1
916,886,O00483,0
821,887,O43837,0
866,888,P61927,0
119,311,Q13509,0
868,890,Q13255,0
65,891,P00338,0
23,459,P02511,1
939,28,Q9Y5Y4,1
940,236,Q99574,1
150,624,O15530,0
638,896,P01100,0
941,394,P0CG29,0
517,897,Q9P2R7,0
943,898,Q9NZD2,0
723,662,Q9Y616,1
944,545,P53355,0
945,900,P49366,0
946,28,Q9Y5Y4,1
947,902,Q92637,0
23,122,P43235,1
948,461,P09238,0
949,399,Q9BV79,1
950,903,Q9Y243,1
951,904,Q6WRI0,0
954,85,P00734,1
955,906,Q16854,0
956,907,O15245,0
369,908,Q15788,0
957,909,P16118,0
97,910,Q13936,0
958,718,O00591,0
959,913,Q9UJS0,0
960,914,O14832,0
961,432,P40616,0
51,804,Q9GZT9,1
964,916,Q16647,0
236,917,P00749,0
965,918,O95479,0
966,28,Q9Y5Y4,1
967,3,Q9Y2D0,1
970,920,P09960,1
971,28,Q9Y5Y4,1
972,921,Q13085,0
31,286,P16471,0
754,210,P01909,1
693,767,P40926,1
973,3,Q9Y2D0,1
477,922,P56524,0
82,880,P07741,1
758,923,Q9BYF1,0
373,924,O60882,0
28,925,P31350,0
975,809,Q09013,0
976,110,P00374,0
978,40,P78536,0
9,58,P16591,1
728,840,P07333,1
124,516,P51161,1
31,927,P50440,0
133,692,Q5VVH2,1
981,69,P51451,1
982,928,P31994,0
202,140,P69905,0
983,155,Q9UKV8,1
338,929,P21397,0
984,588,P19438,0
985,911,O15511,0
277,409,P40939,0
277,70,P02144,0
453,930,O15217,0
303,931,P19793,0
545,932,P50281,0
987,933,P08758,0
988,443,Q86XF0,1
23,54,P31323,1
989,154,P08253,1
324,934,P02751,1
990,122,P43235,1
882,843,P52799,0
991,9,Q9Y6R4,1
992,28,Q9Y5Y4,1
993,28,Q9Y5Y4,1
640,353,P07686,0
994,935,Q9Y5Y9,0
463,936,P27487,0
89,937,P51813,1
23,44,Q9Y5K2,1
279,938,Q16832,1
996,672,P09622,1
997,473,Q9Y2U5,1
573,788,P08581,0
998,214,Q96C24,0
1001,143,P29475,1
7,288,P16870,0
25,411,Q02763,0
107,942,Q9UKG9,1
303,218,P04181,0
51,943,Q5SRE7,1
1004,945,O15554,0
1005,946,P42263,0
1006,947,P05141,0
1007,153,Q6JVE9,1
197,948,P10826,0
1009,9,Q9Y6R4,1
321,949,Q8TF76,1
1011,715,Q9H4B7,0
951,30,P47895,0
754,950,Q92871,1
1013,118,P03372,1
1014,350,P49821,0
517,482,P50213,0
104,191,P10646,0
1017,28,Q9Y5Y4,1
422,953,P04350,0
629,510,Q8N8N7,1
684,70,P02144,0
313,9,Q9Y6R4,1
448,9,Q9Y6R4,1
23,955,Q04721,1
463,956,P51589,0
1019,3,Q9Y2D0,1
802,263,P16930,1
955,957,P19971,0
104,92,Q01469,0
494,958,Q15223,1
58,959,P35916,1
1021,737,P23434,0
882,962,P48449,0
25,963,P19235,0
1024,827,Q9BY41,1
23,964,P46063,1
416,77,Q14289,1
7,935,Q9Y5Y9,0
1025,965,P06870,0
573,966,P09669,0
1026,3,Q9Y2D0,1
466,970,P22102,1
1027,692,Q5VVH2,1
197,971,P21589,0
1030,558,P42892,1
89,69,P51451,1
563,973,P36871,0
23,974,P47985,1
1031,513,Q04760,0
74,565,Q14432,1
490,174,Q96BH3,0
1032,89,Q9ULZ9,1
1033,460,P08519,1
1034,975,P13196,0
197,177,P28332,0
1035,508,P41594,0
149,313,Q9UGM1,0
222,976,P04406,0
23,977,Q9BYT8,1
1036,978,Q13393,0
1037,140,P69905,0
338,980,P09417,0
1038,981,Q01718,0
1039,733,P17812,0
324,982,Q16623,1
173,983,P52569,0
1040,85,P00734,1
1041,9,Q9Y6R4,1
10,985,Q96I99,0
1042,642,P23526,0
23,520,P16455,1
1044,296,Q3ZCW2,1
1045,986,P49841,0
184,987,P25100,0
1046,988,P05113,0
63,989,Q99542,0
62,767,P40926,1
466,990,O14727,1
182,991,P13500,0
1047,992,P42658,0
388,993,P35030,0
25,994,Q16654,0
58,643,Q9H2G2,1
324,995,P19883,1
1048,431,P22748,0
1049,707,O14939,0
203,54,P31323,1
477,743,P22459,0
23,922,P56524,1
1050,996,Q9Y2J8,0
1051,997,Q9UBQ6,1
1052,106,P50336,1
203,998,P22223,1
699,400,P30825,0
1053,28,Q9Y5Y4,1
1054,1000,P14784,0
1055,89,Q9ULZ9,1
1056,89,Q9ULZ9,1
1057,202,P22303,0
1058,9,Q9Y6R4,1
1059,44,Q9Y5K2,1
1060,666,P19634,0
348,25,Q02641,0
188,1001,O15269,0
518,376,P53004,0
1062,747,P53611,1
1063,211,Q9Y6A2,1
1064,148,P02452,0
466,792,P68036,1
859,5,P31645,1
1065,974,P47985,1
1066,282,P54829,1
1067,9,Q9Y6R4,1
1064,549,P05787,0
23,1003,Q92794,1
509,1004,P10145,1
1070,1005,P0CG47,0
1071,1006,P16152,0
808,616,P43003,0
293,107,P30305,0
1073,44,Q9Y5K2,1
89,612,Q16288,1
285,338,Q96L34,1
1074,3,Q9Y2D0,1
31,868,Q9UDW1,0
1075,747,P53611,1
367,276,Q9UBK8,1
1077,1010,P35080,0
23,1011,O14773,1
1079,1012,O75251,0
199,331,O14874,0
325,669,P15104,0
1080,450,P05166,0
203,9,Q9Y6R4,1
282,877,P41180,0
285,478,P10721,1
1082,3,Q9Y2D0,1
242,1014,Q9BZR6,0
818,616,P43003,0
353,1015,Q63ZE4,0
828,1017,Q00535,0
169,767,P40926,1
922,256,Q92753,1
586,1018,P00352,0
866,1019,Q13003,0
324,1020,P53041,1
523,767,P40926,0
1088,90,Q12852,1
1089,1021,P08238,1
803,1022,P04150,1
212,38,Q8TCU5,0
1090,1023,P10253,1
1091,1024,P32418,0
722,625,P01589,0
277,482,P50213,0
1094,1026,Q92887,0
1095,1027,P61313,0
1097,511,P52788,0
1050,848,P00367,0
85,747,P53611,0
1098,9,Q9Y6R4,1
1099,1030,P01133,0
492,1031,P52333,0
1100,1032,Q9UDR5,0
887,28,Q9Y5Y4,0
1101,9,Q9Y6R4,1
1102,1033,Q9NRR6,1
366,583,Q14524,0
1103,1034,P50135,0
1104,282,P54829,1
808,1035,P49638,0
58,1036,O96017,1
1106,868,Q9UDW1,1
1107,28,Q9Y5Y4,1
1108,383,P16234,0
1109,828,Q08334,1
1110,1037,Q16822,1
1111,18,Q99720,1
1112,9,Q9Y6R4,1
416,69,P51451,1
1113,140,P69905,1
1114,775,P16219,0
324,1039,P43026,1
1116,1002,P25788,0
1117,9,Q9Y6R4,1
1118,1040,P49765,1
412,1041,P10620,0
1119,1042,P00558,0
1120,28,Q9Y5Y4,1
1121,3,Q9Y2D0,1
1122,347,Q494W8,1
944,175,P36952,0
155,760,Q8NBK3,1
1123,94,P35228,1
144,1044,Q9NY47,0
679,1045,Q6ZMR3,0
23,985,Q96I99,1
1125,419,Q16853,1
315,1046,Q99584,1
72,597,Q02338,0
1127,565,Q14432,1
1128,1047,Q06203,0
887,676,Q07343,0
30,69,P51451,1
709,1048,O75751,0
1129,743,P22459,0
829,1049,P10415,0
1130,1050,P36888,0
1131,504,Q9UI42,1
1132,595,P14555,0
1134,504,Q9UI42,1
51,627,P12724,1
1136,457,Q04828,1
1137,600,P02708,0
576,117,P07919,0
58,69,P51451,1
10,1021,P08238,0
145,938,Q16832,1
825,1057,Q14831,1
1142,1058,P28845,0
1144,1060,P51788,0
1145,89,Q9ULZ9,1
157,121,P20132,0
325,382,Q92731,0
1146,1061,P01303,0
981,1062,O75116,1
25,560,Q00653,0
549,383,P16234,0
1147,530,P12236,0
23,1064,Q8WZ73,1
23,1065,O15550,1
897,439,P05089,1
1148,1066,Q16718,0
1149,1068,Q9H252,0
882,174,Q96BH3,0
179,840,P07333,1
1150,725,Q9NRK6,1
573,1069,P09488,0
1151,1071,P25098,0
1152,112,Q16270,0
802,504,Q9UI42,1
144,1073,P43007,0
416,1074,P29353,1
1153,1075,O43612,0
1071,1076,P08887,0
464,730,P08172,0
367,519,P11182,1
853,1077,O95573,0
1155,1079,P20333,0
23,883,P01911,1
133,1080,Q9UJ68,1
1156,695,P49591,0
87,922,P56524,0
1157,1081,P35626,0
1158,1082,P15509,0
1159,202,P22303,1
1160,122,P43235,1
1161,44,Q9Y5K2,1
625,1084,Q13555,0
391,1085,Q86SR1,1
1163,1086,O95263,0
1164,553,P02766,1
466,236,Q99574,1
1165,1087,P34913,1
1166,143,P29475,0
1169,1088,P33316,0
1170,122,P43235,1
348,443,Q86XF0,0
1171,122,P43235,1
1172,627,P12724,1
839,41,P36542,1
1173,18,Q99720,0
1174,124,P05981,0
417,1091,O60656,0
1176,1093,Q9H239,0
1177,198,Q01959,1
1178,69,P51451,1
1179,1094,O14983,0
285,69,P51451,1
1180,734,P07359,0
1181,40,P78536,1
621,1097,Q92696,1
868,1013,P35670,0
1182,1098,O00141,0
1183,194,P16083,1
7,1099,P00441,0
1184,72,O95749,0
1186,1100,P26572,0
1187,198,Q01959,0
105,1101,P02763,0
1188,85,P00734,1
1189,9,Q9Y6R4,1
9,959,P35916,1
1190,226,P35354,1
1191,85,P00734,1
1192,1102,P29460,0
1193,439,P05089,1
1194,1103,P19021,1
25,603,O75936,0
662,1104,P14868,0
64,1105,Q96I59,0
24,179,Q08AH3,1
23,1107,P09237,1
477,461,P09238,0
1195,118,P03372,1
432,353,P07686,1
1196,256,Q92753,0
1197,924,O60882,0
1198,315,Q9H477,1
1199,153,Q6JVE9,1
1201,1109,P28838,0
174,1110,O15143,0
185,9,Q9Y6R4,1
107,202,P22303,1
1203,1111,P35503,0
23,378,P08574,1
1204,1112,Q9Y468,0
1205,1113,P51970,0
1206,28,Q9Y5Y4,1
563,64,Q03431,0
1207,240,Q96QT4,0
1208,1114,O00764,0
1209,1087,P34913,1
1210,112,Q16270,0
1212,1115,Q86VZ2,1
1213,695,P49591,0
74,441,Q9NVP1,1
324,1116,Q14653,1
1214,9,Q9Y6R4,1
868,691,P11086,0
58,338,Q96L34,1
1216,769,P31939,0
1217,182,P22735,0
44,753,P25705,1
1218,397,P07858,1
145,1117,P54764,1
1219,33,Q9Y617,0
1220,94,P35228,1
1191,124,P05981,1
1221,638,Q9NTG7,1
1223,1060,P51788,0
1224,278,Q9UQ80,1
145,9,Q9Y6R4,1
1225,407,P02788,0
1088,242,Q16513,1
1227,1120,Q13162,1
199,409,P40939,0
1229,494,Q16831,1
1231,1122,O60513,0
381,1123,P16581,0
76,1124,Q5S007,1
1233,28,Q9Y5Y4,1
1234,1126,Q16706,0
981,114,P42345,1
23,719,Q9NVJ2,1
1235,1127,P30085,0
579,207,P07949,1
1236,1128,O60563,1
961,1129,Q9NSD9,0
1237,1130,Q96RQ9,0
1238,1131,Q9HD40,0
279,1132,O15146,1
1240,505,P48544,0
1241,1134,Q8NBZ7,1
1242,92,Q01469,0
85,1135,O95069,0
1243,1136,P15382,0
466,1137,P37108,1
1245,1078,Q14626,0
1246,36,P11387,1
1247,685,Q96EN8,0
145,69,P51451,1
1248,803,Q04771,1
1249,511,P52788,0
23,617,P00414,1
1190,407,P02788,1
1251,1104,P14868,0
1144,1139,Q9H169,0
315,1140,Q8NHP8,1
1252,1142,P45844,0
1253,1144,P23528,0
562,1145,P00325,0
878,293,P51843,0
1254,1146,O75899,0
1255,827,Q9BY41,1
1256,606,P54802,0
1257,3,Q9Y2D0,1
1258,1147,P04792,1
30,466,Q07912,1
1260,1148,P52758,0
1261,427,Q9UM73,0
416,319,P14616,1
1263,742,Q99714,0
1264,1149,P17931,0
1265,830,P31949,0
767,261,Q8N8R3,0
1116,742,Q99714,1
1001,94,P35228,1
23,1151,P55789,1
140,33,Q9Y617,0
1031,430,P11717,0
1267,1155,P05108,0
1268,1156,P78330,0
431,1029,Q12809,1
67,1157,Q05329,0
1269,1158,Q5T3U5,0
85,1159,P13995,0
31,1160,P18858,0
1270,915,P52732,0
1272,1161,Q12756,0
23,1162,P62987,1
1273,20,P49221,0
1274,9,Q9Y6R4,1
1199,211,Q9Y6A2,1
1275,660,Q9NRE1,0
285,1009,Q9P286,1
1056,1164,P14780,1
1277,310,P04183,1
1278,462,Q99470,0
1279,28,Q9Y5Y4,1
1280,1166,O15528,0
545,1050,P36888,0
1281,76,Q3LIE5,1
1282,9,Q9Y6R4,1
1283,3,Q9Y2D0,1
722,868,Q9UDW1,0
1257,398,P34059,1
1287,349,P0DJD8,1
23,1170,Q9NVV9,1
871,596,Q16678,0
1289,69,P51451,1
1265,717,P51512,0
1290,752,P19404,0
1291,765,P01024,0
882,936,P27487,0
1293,1054,P60953,0
24,475,P11217,1
68,1172,P42898,0
1065,868,Q9UDW1,1
23,563,P35222,1
402,18,Q99720,1
1294,28,Q9Y5Y4,1
1223,902,Q92637,0
339,675,P01189,0
772,1174,P08311,0
1296,604,P50052,0
1297,439,P05089,1
1298,1176,O60678,0
62,117,P07919,1
582,1178,Q15800,0
1300,1179,Q96MA6,0
1301,1180,P09601,0
523,238,P0C0L4,0
1302,44,Q9Y5K2,1
808,494,Q16831,0
1303,28,Q9Y5Y4,0
1304,28,Q9Y5Y4,1
1305,9,Q9Y6R4,1
1306,1182,P30084,0
145,53,P22455,1
1307,28,Q9Y5Y4,1
23,1183,Q96BT7,1
1308,1184,Q03181,0
7,60,P15144,0
1309,938,Q16832,1
334,1185,P11021,0
1310,443,Q86XF0,1
1311,322,P13637,1
49,1186,P62312,0
1312,556,Q15661,0
1313,367,Q9UKU7,0
416,356,Q05655,1
586,1187,P48448,0
466,827,Q9BY41,1
1112,49,P24385,1
1314,1188,O75874,0
795,994,Q16654,0
1315,504,Q9UI42,1
58,9,Q9Y6R4,1
1316,1189,Q16878,0
279,618,P15056,1
25,843,P52799,0
182,1190,P41146,0
1317,9,Q9Y6R4,1
1318,1066,Q16718,0
1320,28,Q9Y5Y4,1
9,670,Q9UK32,1
9,242,Q16513,1
1321,1192,P07355,0
1298,1102,P29460,0
1322,1193,P08236,0
391,296,Q3ZCW2,1
99,58,P16591,1
1111,28,Q9Y5Y4,1
1212,952,P49356,1
1323,565,Q14432,1
1317,91,P35968,1
559,1194,P05093,0
1324,439,P05089,0
319,1197,Q02221,1
1325,1198,P16410,0
1326,175,P36952,0
58,150,P42684,1
1329,686,O00763,0
140,1199,Q9UBN7,0
52,286,P16471,0
1330,44,Q9Y5K2,1
1331,319,P14616,1
367,1200,Q709F0,1
1332,1201,Q92947,0
1333,230,Q06278,1
1225,724,P16066,0
1334,209,O95881,0
1335,1050,P36888,0
115,1203,P26439,0
1337,28,Q9Y5Y4,1
1338,85,P00734,1
139,914,O14832,0
1339,380,Q9Y600,1
23,656,Q04609,1
1341,247,P09871,0
1342,3,Q9Y2D0,1
1013,230,Q06278,1
1343,1206,Q9BYC2,0
69,448,Q16620,1
1345,448,Q16620,1
23,126,P00156,1
1346,404,P23416,0
203,475,P11217,1
1347,1208,Q9BVM4,0
1348,614,P19099,0
1349,1037,Q16822,1
9,267,Q9P0L2,1
203,1209,P14921,1
631,198,Q01959,1
1350,889,P27707,1
754,98,Q9Y3B4,1
1351,866,P54687,0
1345,9,Q9Y6R4,1
31,194,P16083,0
1354,1211,P47870,0
55,1212,Q9UPP1,1
155,422,Q9ULV8,1
1355,1021,P08238,1
1357,1215,P08185,0
607,1216,P03923,0
277,978,Q13393,0
1358,1217,P10606,0
1359,182,P22735,0
621,1219,P50395,1
76,967,Q13188,1
1361,209,O95881,0
743,448,Q16620,0
1362,9,Q9Y6R4,1
1363,677,P07585,0
36,1221,P01008,0
868,1222,P35499,0
1364,232,P29034,0
1365,1223,P29218,0
868,1224,P23280,0
609,1225,Q04844,0
1367,1226,Q9Y289,0
1368,28,Q9Y5Y4,1
315,1227,Q03405,1
1369,89,Q9ULZ9,1
37,511,P52788,0
1370,9,Q9Y6R4,1
1371,716,P21796,0
92,480,P10636,0
828,1228,P18507,0
23,76,Q3LIE5,1
1373,1230,Q12882,1
58,1231,Q9BRS2,1
1374,492,P34741,0
1375,360,Q07954,0
373,1232,P43005,0
1376,167,P08709,1
1377,169,O00217,0
197,1234,P11413,0
790,44,Q9Y5K2,1
489,1235,Q9H3D4,1
167,1236,Q92793,1
453,175,P36952,0
1379,28,Q9Y5Y4,1
1380,1237,P55212,1
1381,773,Q12879,0
1382,1239,Q05315,0
466,1240,Q92820,1
1383,28,Q9Y5Y4,1
508,948,P10826,0
228,33,Q9Y617,0
23,818,Q9H3R0,1
366,1242,P24310,0
1385,9,Q9Y6R4,1
1386,282,P54829,1
366,1243,O60840,0
1387,28,Q9Y5Y4,1
705,1095,Q6UX04,1
934,1245,Q13621,0
51,1212,Q9UPP1,1
200,231,Q15858,0
1388,530,P12236,0
1390,649,P02743,0
1391,28,Q9Y5Y4,1
1348,160,P05413,0
1392,641,P11474,0
1343,1246,O14880,0
1394,837,Q13464,0
1395,1247,Q9NXS2,1
1312,1248,O94956,0
65,1192,P07355,0
1396,3,Q9Y2D0,1
1100,353,P07686,0
1392,1047,Q06203,0
325,946,P42263,0
1397,93,P00813,1
445,28,Q9Y5Y4,1
1398,504,Q9UI42,1
1399,3,Q9Y2D0,1
821,1217,P10606,0
504,1249,P32745,0
1400,1250,Q13554,0
829,1251,Q8N119,0
1060,1253,Q9UJT0,0
477,709,Q8WTV0,0
638,1254,O43175,0
228,1255,P50416,0
1401,1256,O60909,0
1402,1257,Q9Y5R8,0
1403,226,P35354,1
643,709,Q8WTV0,0
1011,426,Q71U36,0
54,1258,Q14790,1
544,1259,O14578,1
1405,1006,P16152,0
1406,1260,P10745,0
23,1261,Q16611,1
34,42,P02818,0
1407,897,Q9P2R7,0
1409,44,Q9Y5K2,1
1410,28,Q9Y5Y4,1
1411,1095,Q6UX04,1
1412,980,P09417,0
529,1152,Q00536,0
285,1263,P54762,1
1413,85,P00734,1
1414,182,P22735,0
1416,28,Q9Y5Y4,1
381,63,P00966,0
754,145,Q9UQM7,1
1417,201,P48058,0
1418,1266,Q9UN76,0
274,1076,P08887,0
1419,28,Q9Y5Y4,1
1340,893,P52848,0
1420,494,Q16831,1
1421,1027,P61313,0
1422,3,Q9Y2D0,1
587,66,Q99928,0
1423,226,P35354,1
1424,1268,O14717,0
197,1269,P40394,0
1425,28,Q9Y5Y4,1
1426,835,Q9Y694,0
155,80,Q16762,1
530,337,P51649,1
1427,1270,O43169,0
1428,1271,Q8NBQ5,0
1132,1272,Q9H936,0
1430,87,Q86TI2,1
25,1274,Q96P88,0
1431,9,Q9Y6R4,1
155,1275,Q9UBQ7,1
889,251,Q02127,0
23,1276,Q15436,1
659,1093,Q9H239,0
51,287,P17752,1
1433,1277,Q8N159,1
23,395,P31930,1
1434,565,Q14432,1
1435,1279,P41145,0
1436,89,Q9ULZ9,1
1437,168,Q8NFM4,1
625,1280,P16473,0
1439,573,P46059,0
1223,46,P56696,0
1440,48,Q02750,0
1441,1130,Q96RQ9,0
1442,28,Q9Y5Y4,1
196,1044,Q9NY47,0
1334,108,P08243,0
466,1281,P18848,1
1443,1094,O14983,0
1444,742,Q99714,0
25,711,Q07973,0
212,781,P68363,0
866,1282,P13631,0
1275,35,P13051,0
1446,246,P23786,0
1447,209,O95881,0
1449,442,P37231,1
1450,50,P25440,1
315,1285,Q9Y223,1
25,1286,O00555,0
1452,198,Q01959,1
1453,692,Q5VVH2,1
1454,1287,O15066,0
1456,383,P16234,0
1334,1288,Q9NS18,0
1457,279,P48147,1
1388,1289,Q15120,0
1458,9,Q9Y6R4,1
880,1007,P02753,0
802,73,Q14315,1
1459,28,Q9Y5Y4,1
1460,747,P53611,1
1461,226,P35354,1
44,9,Q9Y6R4,1
1462,85,P00734,1
1463,118,P03372,1
783,328,P08588,0
466,719,Q9NVJ2,1
1464,1292,Q14654,0
1466,1155,P05108,0
304,1294,P19801,0
1467,1295,P30536,0
615,1296,P28476,0
293,822,Q16775,0
1468,1256,O60909,0
1469,747,P53611,1
1471,28,Q9Y5Y4,1
1472,1297,P18085,0
1473,1298,Q02218,0
694,1121,P20645,0
1474,135,P21554,0
795,56,P37058,0
1196,190,P35398,0
367,143,P29475,1
570,882,Q16445,0
1031,181,O14646,0
25,1300,P05120,0
134,1301,P62330,0
11,732,Q08209,0
1475,1302,Q06520,0
1476,1110,O15143,0
103,435,P05177,0
997,69,P51451,1
1477,511,P52788,0
1478,211,Q9Y6A2,1
165,968,Q9NRJ5,1
1439,493,P12314,0
1166,1303,P20810,0
803,1304,P26368,1
1479,1305,P30531,0
155,834,Q96PD5,1
339,392,P08908,0
1480,1251,Q8N119,0
1129,1307,Q7Z2W7,0
1483,226,P35354,1
1281,1308,P30153,1
1484,789,P20062,0
1485,1004,P10145,1
1487,836,P08637,0
728,164,O43353,1
416,1310,P52630,1
786,671,P23921,0
23,1212,Q9UPP1,1
1488,879,P23381,1
1489,382,Q92731,1
1490,948,P10826,0
9,338,Q96L34,1
1492,587,P07204,0
23,1312,Q14839,1
285,662,Q9Y616,1
150,148,P02452,0
1495,987,P25100,0
1496,1313,Q96C36,0
1497,28,Q9Y5Y4,1
1045,1314,O15379,0
393,873,P62942,0
293,1315,P68133,0
1498,1114,O00764,0
23,1317,Q9NZK5,1
1499,974,P47985,0
1500,89,Q9ULZ9,1
1501,879,P23381,0
1502,1318,P32297,0
23,1319,Q9H0R8,1
887,1320,Q86SZ2,0
25,961,Q99884,0
1503,28,Q9Y5Y4,1
749,89,Q9ULZ9,1
477,1321,Q99707,0
30,9,Q9Y6R4,1
767,914,O14832,0
1504,410,O43181,0
68,708,P16070,0
1505,1322,P61221,0
1363,344,P14174,0
222,1324,P01138,0
138,429,O60939,0
529,1088,P33316,0
1506,59,P05026,1
802,828,Q08334,1
466,1326,Q8WVN8,1
373,996,Q9Y2J8,0
23,1327,P18146,1
1507,1169,P48664,0
1508,1328,Q96BD0,0
1509,601,O14949,1
1510,81,Q16478,1
269,407,P02788,1
1511,778,P17050,0
1514,343,P22314,0
1515,463,P11142,0
25,1098,O00141,0
762,356,Q05655,0
1340,653,Q07837,0
728,9,Q9Y6R4,1
984,397,P07858,0
105,1330,P19105,0
825,890,Q13255,1
1517,1331,P11836,0
34,1205,Q16538,0
385,428,Q9NWM0,0
1518,1332,P18054,1
1519,1333,P36959,0
23,1213,P29017,1
477,1075,O43612,0
1472,433,P17900,0
951,1334,Q14914,0
214,953,P04350,0
341,28,Q9Y5Y4,1
24,565,Q14432,1
30,714,Q12866,1
1520,1196,P04035,1
1521,1336,Q10588,1
1038,1014,Q9BZR6,0
23,1337,P62913,1
9,473,Q9Y2U5,1
23,504,Q9UI42,1
416,1338,Q06124,1
23,1247,Q9NXS2,1
1314,1014,Q9BZR6,0
27,1339,Q01668,0
465,3,Q9Y2D0,1
1522,1340,P00395,1
1523,1341,P15813,0
1524,178,P12318,0
1525,258,Q9NSA0,1
1128,1342,P17405,0
44,8,P54652,1
1526,3,Q9Y2D0,1
31,1343,Q12791,0
222,365,P01584,0
1527,1344,Q9UK17,0
1528,118,P03372,1
87,6,P11137,0
1530,457,Q04828,1
580,1347,Q14994,0
492,963,P19235,0
1532,1102,P29460,0
939,5,P31645,1
1533,739,P03915,0
821,1348,P35408,0
1534,9,Q9Y6R4,1
1535,660,Q9NRE1,0
609,243,P21964,0
757,417,P31153,0
1536,1056,P02774,0
1537,1350,P48551,0
216,1250,Q13554,0
690,236,Q99574,1
1538,1351,Q9BZW2,0
412,491,P11684,0
485,1352,P47929,0
563,1353,Q96GA7,0
780,1354,P23946,0
1539,1355,P54819,0
1349,595,P14555,1
1540,1356,O60779,0
928,1314,O15379,0
161,91,P35968,1
1541,89,Q9ULZ9,1
1542,28,Q9Y5Y4,1
1543,976,P04406,0
1544,226,P35354,1
1545,1005,P0CG47,0
1546,321,P56817,1
1547,87,Q86TI2,1
466,1357,Q8WTS6,1
1548,89,Q9ULZ9,1
1549,91,P35968,1
1551,1166,O15528,0
1343,747,P53611,0
51,44,Q9Y5K2,1
1553,1360,P08319,0
1045,1084,Q13555,0
1555,278,Q9UQ80,1
1557,1362,Q14330,0
1558,974,P47985,0
643,916,Q16647,0
1559,511,P52788,0
1560,1350,P48551,0
1561,1115,Q86VZ2,1
1562,28,Q9Y5Y4,1
882,239,O14521,0
222,1363,P42574,0
1557,1364,P24311,0
620,9,Q9Y6R4,1
200,1366,P50579,0
1564,161,Q9UBT6,0
1565,1367,O14735,0
200,1368,P61587,0
135,1370,P23368,0
169,1371,Q9Y6K8,1
23,1372,P62847,1
1567,256,Q92753,1
1265,1176,O60678,0
1568,1373,P16444,0
24,1374,Q9H361,1
1569,988,P05113,0
1522,220,P00403,1
485,1102,P29460,0
114,1375,P00533,0
1570,1005,P0CG47,0
1216,624,O15530,0
1571,1377,Q15166,0
1573,1378,Q9GZR5,0
304,1379,Q15842,0
824,461,P09238,0
1574,1164,P14780,1
545,28,Q9Y5Y4,1
51,140,P69905,1
23,1380,P05187,1
1575,226,P35354,1
1578,63,P00966,0
1065,62,P20674,1
1579,1382,P49759,0
1580,538,P98170,0
1581,1136,P15382,0
1293,1383,P63000,0
1582,921,Q13085,0
1583,531,Q07075,0
1584,85,P00734,1
1348,679,Q13231,0
1585,1384,P00742,1
324,98,Q9Y3B4,1
1586,718,O00591,0
1587,9,Q9Y6R4,1
1129,1211,P47870,0
563,1215,P08185,0
167,1385,P60174,1
1588,432,P40616,0
733,1133,P40238,0
1589,1386,P35218,0
1590,1387,Q93088,0
1119,933,P08758,0
68,587,P07204,0
1591,475,P11217,1
1275,27,Q01740,0
1592,9,Q9Y6R4,1
23,11,P63098,1
1399,106,P50336,1
34,1390,P30613,0
1593,749,Q9UM07,0
23,154,P08253,1
1594,85,P00734,1
391,1392,Q15768,1
222,869,P07339,0
1431,150,P42684,1
1191,1393,P00750,1
1595,275,P98194,0
1596,692,Q5VVH2,1
1031,1394,P30038,0
1597,258,Q9NSA0,1
23,1395,P01241,1
1598,44,Q9Y5K2,1
188,649,P02743,0
764,1396,P12259,0
1502,1301,P62330,0
1600,1397,P52209,0
1601,9,Q9Y6R4,1
1602,920,P09960,0
255,1398,Q99519,0
1603,1399,Q99250,0
1604,984,O00204,0
76,446,P43405,1
151,89,Q9ULZ9,1
1515,197,P42261,0
1605,1149,P17931,0
1606,154,P08253,1
1607,523,P05556,0
1608,1401,Q16613,0
417,1402,P11511,0
668,1189,Q16878,0
213,625,P01589,0
1609,1066,Q16718,0
1610,1056,P02774,0
559,1057,Q14831,0
1611,1142,P45844,0
23,1403,Q99496,1
1612,89,Q9ULZ9,1
1613,980,P09417,0
1614,758,P08100,1
136,371,P37059,0
1579,20,P49221,0
167,457,Q04828,1
1615,1321,Q99707,0
274,500,Q8WY07,0
140,1405,P37173,0
1616,1087,P34913,1
1617,321,P56817,1
1618,44,Q9Y5K2,1
125,1406,P17707,0
564,118,P03372,1
499,425,P98153,1
1619,255,Q9BR01,1
74,1407,P81274,1
821,1401,Q16613,0
1622,1409,P04040,0
1623,1410,P20941,0
23,1411,Q9Y2T3,1
1624,1412,P01574,1
1332,1179,Q96MA6,0
1573,432,P40616,0
57,237,Q5JWF2,0
1625,747,P53611,0
1626,85,P00734,1
1627,1414,P25787,0
1628,28,Q9Y5Y4,1
23,1415,Q9UQ26,1
1629,751,P07602,0
1014,739,P03915,0
1065,117,P07919,1
1630,1416,Q9BXI2,0
169,721,Q9Y3D2,1
1631,1418,Q07869,0
1633,1349,P04080,1
654,1296,P28476,0
44,47,Q9UBE0,1
1638,1419,Q14534,0
245,442,P37231,1
1639,63,P00966,0
17,695,P49591,0
373,1394,P30038,0
1640,1218,Q9NVS9,0
1457,674,P14920,1
1641,243,P21964,1
554,704,O15144,0
690,1421,Q9UGB7,1
25,239,O14521,0
54,1422,O95782,1
1644,627,P12724,1
71,252,P60880,0
1645,89,Q9ULZ9,1
23,87,Q86TI2,1
1646,667,P20061,0
1581,1425,P15538,0
1647,363,Q9BVA1,1
1633,1162,P62987,1
1275,1192,P07355,0
702,1426,P49585,0
816,1428,Q9HCC0,0
1308,1429,P47712,0
567,864,P12429,0
936,150,P42684,1
117,126,P00156,1
1650,106,P50336,1
1651,198,Q01959,0
1652,91,P35968,1
1654,363,Q9BVA1,0
124,220,P00403,1
1592,837,Q13464,1
1655,1433,Q16698,0
1656,44,Q9Y5K2,1
1639,1434,Q16719,0
40,1435,P08473,0
1657,28,Q9Y5Y4,1
1658,506,Q96NT5,0
1659,1436,Q8N543,0
1660,442,P37231,1
1661,335,O14556,0
324,792,P68036,1
1662,1381,P07477,0
417,389,O00469,0
306,294,P48443,0
190,1438,P13674,0
739,597,Q02338,0
203,1440,Q15848,1
981,1124,Q5S007,1
1665,1441,O75390,0
1666,776,O95139,0
1668,9,Q9Y6R4,1
10,1408,O60493,0
558,341,P42338,1
1669,148,P02452,0
11,51,Q96LZ3,0
1670,733,P17812,0
821,472,O14936,0
615,1014,Q9BZR6,0
1280,1443,O60218,0
1671,85,P00734,1
1542,211,Q9Y6A2,1
1673,497,Q8NHR9,1
1674,282,P54829,1
1675,446,P43405,1
85,355,Q9NY46,0
915,125,P06213,0
1676,900,P49366,1
1677,1380,P05187,0
1446,261,Q8N8R3,0
1678,1194,P05093,0
615,1173,P28222,0
1679,1104,P14868,0
882,178,P12318,0
348,1445,P48169,0
703,5,P31645,0
1680,28,Q9Y5Y4,1
892,520,P16455,1
579,319,P14616,1
1681,135,P21554,0
1682,873,P62942,0
1515,1061,P01303,0
475,713,P00746,0
1208,686,O00763,0
1684,534,P22607,0
1685,28,Q9Y5Y4,1
1687,140,P69905,1
51,407,P02788,1
59,198,Q01959,1
1689,228,Q14416,0
1129,801,P47869,0
1690,1051,P04278,1
1691,28,Q9Y5Y4,1
1692,527,P21912,1
1693,565,Q14432,1
1694,810,Q14500,0
1695,321,P56817,1
916,299,P05452,0
925,1447,P22695,0
203,150,P42684,1
1696,1449,P16519,0
339,1173,P28222,0
1238,1337,P62913,0
1698,520,P16455,0
23,1371,Q9Y6K8,1
1699,81,Q16478,1
73,246,P23786,0
1700,1283,P11245,0
1701,305,Q05940,0
1702,9,Q9Y6R4,1
324,1384,P00742,1
1703,482,P50213,0
1704,301,P04818,1
1476,750,P49411,0
1705,880,P07741,1
1706,1426,P49585,0
591,231,Q15858,0
1707,1453,P10768,0
728,150,P42684,1
1708,848,P00367,0
582,1215,P08185,0
11,592,Q00534,0
1709,1056,P02774,0
1710,321,P56817,1
1711,270,Q8NE62,0
811,264,O75911,0
1712,1226,Q9Y289,0
1713,28,Q9Y5Y4,1
579,1455,Q15078,1
1714,279,P48147,1
1433,94,P35228,1
1715,43,Q9Y257,0
1716,28,Q9Y5Y4,1
1490,1244,Q06609,0
173,537,P31040,0
198,1456,P46060,1
375,660,Q9NRE1,0
1265,1457,P51580,0
133,421,O95445,1
1487,286,P16471,0
65,35,P13051,0
450,553,P02766,1
57,879,P23381,0
1719,3,Q9Y2D0,1
1720,1458,P14416,0
324,1459,O00459,1
1721,28,Q9Y5Y4,1
1723,1071,P25098,1
866,1460,Q9NVH6,0
598,28,Q9Y5Y4,1
690,1461,Q9Y4I1,1
1708,789,P20062,0
1724,1206,Q9BYC2,0
987,736,Q9BWD1,0
1725,511,P52788,0
529,1079,P20333,0
689,492,P34741,0
1726,1094,O14983,0
1727,397,P07858,1
404,1463,P80365,0
1730,773,Q12879,0
922,153,Q6JVE9,1
616,351,P36544,0
1705,205,P43490,1
678,1465,P80404,0
136,301,P04818,0
466,413,Q14749,1
1735,920,P09960,1
65,1467,P24557,0
1736,28,Q9Y5Y4,1
1294,5,P31645,1
23,1022,P04150,1
928,1253,Q9UJT0,0
149,1468,Q99497,0
167,44,Q9Y5K2,1
1737,439,P05089,1
352,392,P08908,0
1738,920,P09960,1
402,5,P31645,1
1739,1469,O94808,0
730,191,P10646,0
1562,1470,P41250,0
167,747,P53611,1
733,397,P07858,0
803,613,P01730,1
203,115,Q15796,1
1740,578,P35348,0
1742,1037,Q16822,1
61,1471,P55011,0
880,245,Q9NYK1,0
1743,9,Q9Y6R4,1
1744,382,Q92731,1
466,183,Q16772,1
1745,1196,P04035,0
62,672,P09622,1
716,1473,P11766,0
1746,461,P09238,0
658,509,Q9P2W7,0
121,78,P00480,0
31,189,P41143,0
215,986,P49841,0
1726,1474,P28482,0
1579,18,Q99720,0
25,1063,P30419,0
1129,1475,P11309,0
315,202,P22303,1
1748,386,Q9NR97,0
1749,631,Q9Y646,0
1750,1091,O60656,0
1752,1476,P15090,0
203,1290,Q9HCE7,1
1753,234,P21439,0
31,1110,O15143,0
1726,224,P20339,0
23,170,P08294,1
1005,1477,Q9UKM7,0
1583,308,P01023,0
71,1110,O15143,0
1755,1478,O75311,0
722,237,Q5JWF2,0
1756,442,P37231,1
1480,1093,Q9H239,0
315,1480,Q99418,1
667,1481,O43766,0
1757,159,Q96MW5,1
1758,140,P69905,1
1759,3,Q9Y2D0,1
1761,1482,P53778,0
1341,175,P36952,0
1762,1142,P45844,0
848,69,P51451,1
267,1174,P08311,0
1763,9,Q9Y6R4,1
135,424,O43741,0
1764,981,Q01718,0
764,1463,P80365,0
477,509,Q9P2W7,0
762,1318,P32297,0
481,639,P28472,0
1767,567,P61073,1
1768,1198,P16410,0
1769,1303,P20810,0
1770,920,P09960,1
25,191,P10646,0
591,1484,Q9NY72,0
25,237,Q5JWF2,0
117,395,P31930,1
1771,981,Q01718,0
1772,1485,P12883,0
1773,920,P09960,1
1670,1149,P17931,0
319,1242,P24310,1
1774,1486,Q9UI33,0
1775,190,P35398,0
1776,688,P61626,1
1777,239,O14521,0
1778,961,Q99884,0
1781,1420,P48637,0
1782,994,Q16654,0
222,1489,P08183,0
1064,1042,P00558,0
1498,1490,P08246,0
355,1491,Q7LG56,0
658,103,P01116,0
233,1399,Q99250,0
1169,285,P21980,0
215,922,P56524,0
23,211,Q9Y6A2,1
115,867,P33681,0
1783,188,Q9HBL8,1
1784,1493,Q9Y4W6,0
1785,784,O43526,0
664,1189,Q16878,0
199,1382,P49759,0
1260,1401,Q16613,0
582,1022,P04150,0
1788,256,Q92753,1
1508,1166,O15528,0
1789,1494,Q16739,0
940,3,Q9Y2D0,1
1790,1495,Q9NP56,0
1791,1368,P61587,0
1326,88,P49589,0
1792,553,P02766,1
1340,1297,P18085,0
1793,1497,Q08462,0
1795,198,Q01959,1
1796,89,Q9ULZ9,1
124,399,Q9BV79,1
1797,108,P08243,0
121,759,P35557,0
1798,718,O00591,0
1799,665,Q9ULJ8,1
1800,200,P13929,1
480,859,P30041,0
23,513,Q04760,1
1407,1171,P78417,0
124,464,Q8N0W4,1
1802,1499,Q9Y689,0
1265,1230,Q12882,0
324,252,P60880,1
764,657,P08123,0
1803,789,P20062,0
393,114,P42345,0
1804,737,P23434,0
523,1101,P02763,0
1805,343,P22314,0
722,1501,O75879,0
136,1502,P33121,0
23,717,P51512,1
1806,28,Q9Y5Y4,1
196,1029,Q12809,0
117,481,P14927,1
1807,1350,P48551,0
1808,1262,Q8TD30,1
366,862,Q9UPY5,0
1810,617,P00414,0
1272,1503,Q86Y39,0
324,1504,Q6NXR0,1
412,948,P10826,0
518,1506,P38484,0
23,1507,P62266,1
1570,765,P01024,0
166,297,P54760,0
1776,770,Q9H1K4,0
99,455,O95819,1
1813,9,Q9Y6R4,1
1814,94,P35228,1
1816,1080,Q9UJ68,0
1817,433,P17900,0
1818,1511,P46459,0
1819,633,P48736,0
1820,94,P35228,1
34,1253,Q9UJT0,0
1326,385,Q13131,0
1821,1384,P00742,1
1822,390,Q13526,1
1823,439,P05089,1
529,299,P05452,0
1102,497,Q8NHR9,1
1824,256,Q92753,1
1825,1385,P60174,0
150,160,P05413,0
173,1514,Q9NR19,0
1827,413,Q14749,1
888,777,P15328,0
1056,474,Q9UJ71,1
410,1515,Q16566,0
623,871,Q9Y5Y6,0
330,1017,Q00535,0
825,359,Q05586,1
1828,112,Q16270,0
1335,1090,P51570,0
1829,1245,Q13621,0
1484,1311,Q6VVX0,0
1830,497,Q8NHR9,1
4,748,Q13698,0
1831,28,Q9Y5Y4,1
1832,799,Q5TDP6,0
1833,349,P0DJD8,1
755,1516,P22694,0
1834,412,P49189,0
304,1519,P32119,0
508,211,Q9Y6A2,1
1835,364,Q9HCR9,1
406,923,Q9BYF1,0
1836,475,P11217,1
1151,245,Q9NYK1,0
808,544,P06731,0
1838,28,Q9Y5Y4,1
31,99,P11310,0
23,1521,Q9BQD3,1
1122,512,Q03393,0
1694,310,P04183,0
518,28,Q9Y5Y4,1
25,879,P23381,0
391,1033,Q9NRR6,1
754,38,Q8TCU5,1
1840,952,P49356,1
9,356,Q05655,1
25,297,P54760,0
1473,511,P52788,0
1841,773,Q12879,0
1842,1524,P00390,0
1332,1189,Q16878,0
1583,1525,O14649,0
1844,46,P56696,0
23,1526,Q9H8S9,1
1845,718,O00591,0
9,90,Q12852,1
1846,1527,Q8WVQ1,0
1847,270,Q8NE62,0
1579,739,P03915,0
155,1120,Q13162,1
1848,1528,P35219,0
563,1529,P03956,0
453,1530,P27797,0
303,1069,P09488,0
116,1531,Q9H6Z9,0
273,134,P02461,0
1850,28,Q9Y5Y4,1
23,1533,P61218,1
1851,1438,P13674,0
803,958,Q15223,1
509,226,P35354,1
1852,992,P42658,0
405,1022,P04150,1
1853,1534,Q99835,0
562,948,P10826,0
1854,1535,P55769,0
416,838,P16333,1
352,741,Q14957,0
25,1536,Q92781,0
907,430,P11717,0
1855,747,P53611,1
475,417,P31153,0
1856,457,Q04828,1
450,226,P35354,1
353,117,P07919,0
1859,1538,O60674,0
1860,1539,Q9UHL4,1
416,382,Q92731,1
1861,1540,P02776,0
1862,1541,O14929,1
25,1542,Q9UI32,0
345,3,Q9Y2D0,1
1864,1367,O14735,0
1866,1413,Q15046,0
1867,118,P03372,1
391,584,P14210,1
279,1263,P54762,1
1868,1079,P20333,0
169,527,P21912,1
148,1448,P29508,0
425,355,Q9NY46,0
477,1544,P11678,0
1870,1545,Q9NS85,0
1871,140,P69905,1
654,1546,P78334,0
23,1547,Q9UK80,1
1655,1548,P40429,0
1873,28,Q9Y5Y4,1
1716,9,Q9Y6R4,1
1874,74,P09467,1
433,1549,Q8IWT1,0
1875,163,P26358,0
146,1550,P51665,1
1876,565,Q14432,1
1853,728,Q00796,0
44,1056,P02774,1
1878,1552,Q96DP5,0
1880,1448,P29508,0
324,147,Q9NP99,1
353,1070,O75306,0
104,160,P05413,0
601,491,P11684,0
1882,9,Q9Y6R4,1
1883,518,P21802,0
1884,383,P16234,0
1608,1250,Q13554,0
186,1554,P05107,0
1886,718,O00591,0
1887,74,P09467,1
562,1192,P07355,0
1888,140,P69905,1
1425,347,Q494W8,1
1064,1152,Q00536,0
1275,266,P43116,0
167,1021,P08238,1
793,1556,P09327,1
1889,457,Q04828,1
607,1557,Q6IB77,0
1890,1558,P53609,0
44,446,P43405,1
825,81,Q16478,1
1891,293,P51843,0
1457,1559,P62993,1
119,1554,P05107,0
7,669,P15104,0
1892,355,Q9NY46,0
802,81,Q16478,1
23,1561,Q9UGI8,1
587,786,Q8N1C3,0
1522,104,P14854,1
1895,947,P05141,0
381,1563,P11216,0
1896,28,Q9Y5Y4,1
1031,1035,P49638,0
577,419,Q16853,1
1897,1564,P17948,0
1898,482,P50213,0
489,778,P17050,1
27,506,Q96NT5,0
1899,1566,Q8IWA5,0
1900,378,P08574,1
23,85,P00734,1
1151,867,P33681,0
1901,9,Q9Y6R4,1
878,93,P00813,0
561,1569,P17302,0
1905,9,Q9Y6R4,1
233,1051,P04278,0
1906,586,P43220,0
52,374,Q16568,0
1792,753,P25705,1
1907,282,P54829,1
1908,1570,Q6ZQN7,0
4,1571,P46976,0
553,879,P23381,0
1909,194,P16083,1
485,265,P10600,0
1910,511,P52788,0
285,9,Q9Y6R4,1
1911,1384,P00742,1
1639,1535,P55769,0
155,276,Q9UBK8,1
324,688,P61626,1
1476,1574,P19320,0
23,623,Q12888,1
4,1575,Q13362,0
540,1380,P05187,1
1684,127,P00519,0
466,1576,Q13813,1
563,891,P00338,0
1913,9,Q9Y6R4,1
1914,718,O00591,0
1764,1577,P20309,0
1915,683,Q9UNN8,0
145,1579,Q9P2K8,1
1916,399,Q9BV79,1
30,77,Q14289,1
1213,1041,P10620,0
1064,1370,P23368,0
149,5,P31645,0
1918,1280,P16473,0
1919,1172,P42898,0
212,1580,O60896,0
476,1384,P00742,1
1551,191,P10646,0
1034,1515,Q16566,0
1920,1582,P26196,0
1921,251,Q02127,1
115,872,P20472,0
570,1158,Q5T3U5,0
1922,558,P42892,1
1923,202,P22303,1
579,699,Q16584,1
1924,1313,Q96C36,0
1925,32,P19440,0
1926,1583,Q00266,0
1928,1494,Q16739,0
466,1584,Q13432,1
1472,893,P52848,0
1364,1366,P50579,0
1929,504,Q9UI42,1
24,1371,Q9Y6K8,1
1930,69,P51451,1
1931,1078,Q14626,0
587,144,O43497,0
1932,1107,P09237,0
1933,1251,Q8N119,0
1934,788,P08581,0
215,443,Q86XF0,0
1935,1585,Q15648,0
471,381,P38606,0
1527,1114,O00764,0
324,595,P14555,1
1669,1079,P20333,0
882,301,P04818,0
72,1586,P55157,0
202,788,P08581,0
931,1587,P12004,1
1102,1056,P02774,1
31,340,Q9HB21,0
1258,9,Q9Y6R4,1
1939,1589,O00182,0
1940,3,Q9Y2D0,1
1205,1102,P29460,0
641,1355,P54819,0
762,910,Q13936,0
1941,1405,P37173,0
1942,134,P02461,0
1501,897,Q9P2R7,0
410,1255,P50416,0
1046,1000,P14784,0
475,1007,P02753,0
866,1320,Q86SZ2,0
24,1590,Q8IV48,1
1943,1095,Q6UX04,1
1945,953,P04350,0
1508,663,P11362,0
705,767,P40926,1
140,889,P27707,0
391,1594,Q8IWL1,1
1551,1595,Q7L3T8,0
1947,511,P52788,1
1948,554,Q16877,1
1128,1280,P16473,0
225,1307,Q7Z2W7,0
1899,1205,Q16538,0
417,1596,P22894,0
1205,248,P36897,0
1949,9,Q9Y6R4,1
1255,1597,Q9UQL6,1
821,1598,P15085,0
23,168,Q8NFM4,1
1950,1390,P30613,1
410,1323,P62873,0
1951,728,Q00796,0
7,121,P20132,0
1953,28,Q9Y5Y4,1
23,147,Q9NP99,1
1954,822,Q16775,0
1406,910,Q13936,0
1955,556,Q15661,0
1956,718,O00591,0
23,589,Q99798,1
562,94,P35228,0
758,95,Q9H4Y5,0
1957,1123,P16581,0
23,439,P05089,1
1130,870,P43004,0
427,1552,Q96DP5,0
133,281,P02768,1
1958,147,Q9NP99,1
1959,1600,P05230,0
615,198,Q01959,0
1960,153,Q6JVE9,1
1961,458,O43776,0
1962,1602,O76074,0
1963,262,P51168,0
916,1603,O95178,0
294,1478,O75311,0
339,1458,P14416,0
1964,28,Q9Y5Y4,1
23,1605,O14777,1
1965,1606,P28161,0
23,1607,Q86U86,1
1334,980,P09417,0
1966,1608,P10523,1
1967,1393,P00750,0
167,399,Q9BV79,1
1864,132,Q8N139,0
62,1609,P51659,1
754,725,Q9NRK6,1
1968,520,P16455,1
331,1610,Q15746,1
1969,1611,P46098,0
1970,356,Q05655,0
24,1612,P07205,1
594,679,Q13231,0
339,1613,P51787,0
987,63,P00966,0
416,1614,Q13191,1
99,959,P35916,1
197,359,Q05586,0
762,786,Q8N1C3,0
1608,1114,O00764,0
41,359,Q05586,1
57,1426,P49585,0
58,1616,Q9BZL6,1
667,1617,P31513,0
186,1618,P28223,0
1972,264,O75911,0
1326,1619,P48735,0
106,1035,P49638,0
1973,1620,P01137,0
99,1050,P36888,1
868,305,Q05940,0
25,925,P31350,0
1974,1288,Q9NS18,0
1293,1621,P61586,0
1975,1622,P53350,0
1976,1623,O75762,0
416,926,Q8WUJ0,1
797,355,Q9NY46,0
825,1232,P43005,1
1977,211,Q9Y6A2,1
306,336,P48061,0
416,1624,P40763,1
1978,508,P41594,0
307,1625,Q86VW1,0
726,1626,P42081,0
391,499,Q9UBV7,1
1979,28,Q9Y5Y4,1
1980,1052,O95864,0
1118,565,Q14432,1
1981,28,Q9Y5Y4,1
1975,1628,P05091,0
1982,123,P15954,0
1983,3,Q9Y2D0,1
468,1629,O60701,0
1557,1038,P10176,0
882,161,Q9UBT6,0
1985,558,P42892,0
1986,1384,P00742,1
1987,69,P51451,1
351,1630,P45880,0
708,1505,Q8N5Z0,0
1332,1632,P42357,0
23,558,P42892,1
1991,1633,Q8IU85,0
1992,1537,Q16651,0
609,598,Q07001,0
1994,1026,Q92887,0
1995,28,Q9Y5Y4,1
334,1634,P07195,0
1579,663,P11362,0
623,940,Q9UBX1,0
1996,297,P54760,1
1997,1635,P49788,0
654,1636,Q96RD7,0
1998,211,Q9Y6A2,1
1999,382,Q92731,1
211,1360,P08319,0
2000,1205,Q16538,0
1241,337,P51649,1
279,959,P35916,1
981,150,P42684,1
65,355,Q9NY46,0
352,1638,P01031,0
2002,317,Q9Y2I1,1
169,504,Q9UI42,1
2003,1639,Q13200,0
44,1359,P56381,1
2004,1641,Q14353,0
2005,1642,Q6P093,0
2006,443,Q86XF0,1
2007,1643,P47989,0
2008,758,P08100,0
2009,28,Q9Y5Y4,1
1345,455,O95819,1
155,1644,Q2TBA0,1
625,837,Q13464,0
2010,321,P56817,1
2011,1559,P62993,0
638,24,O95470,0
2012,1646,Q96AT9,1
1484,545,P53355,0
1562,1029,Q12809,1
2013,1647,P47897,0
759,321,P56817,0
466,1553,P07384,1
598,198,Q01959,1
2014,87,Q86TI2,1
2015,140,P69905,1
23,1648,O76041,1
2016,1330,P19105,0
23,1614,Q13191,1
620,959,P35916,1
23,1649,P62829,1
2017,655,P11230,0
780,1650,P49137,0
155,91,P35968,1
51,1651,Q9UKA1,1
586,739,P03915,0
94,202,P22303,1
114,1652,P05019,0
2018,118,P03372,1
25,975,P13196,0
2019,736,Q9BWD1,0
2020,28,Q9Y5Y4,1
2022,1007,P02753,0
1348,796,Q99758,0
24,367,Q9UKU7,1
2023,1172,P42898,0
2025,726,Q9BZV2,0
2026,1656,O95622,0
23,939,Q96HD9,1
2027,763,P08842,0
2028,205,P43490,0
23,252,P60880,1
2029,1384,P00742,1
2030,1657,P35237,0
466,1658,Q6MZZ7,1
1818,1659,P24347,0
640,847,P49336,0
2031,28,Q9Y5Y4,1
789,328,P08588,0
2032,1660,P28335,0
285,545,P53355,1
103,1661,P30711,0
2033,1662,O60733,0
1497,5,P31645,1
1480,660,Q9NRE1,0
2034,1227,Q03405,1
61,1531,Q9H6Z9,0
216,1663,P14649,0
2035,971,P21589,0
782,426,Q71U36,0
184,587,P07204,0
336,1609,P51659,0
1522,123,P15954,1
155,282,P54829,1
2036,595,P14555,1
1844,293,P51843,0
789,780,P35368,0
311,1666,O94768,0
1065,123,P15954,1
485,1650,P49137,0
485,1104,P14868,0
758,1172,P42898,0
2037,28,Q9Y5Y4,1
23,566,O60658,1
2038,494,Q16831,1
133,452,P63316,1
2039,452,P63316,0
2040,28,Q9Y5Y4,1
2041,942,Q9UKG9,0
2042,5,P31645,0
1543,1363,P42574,0
1130,1552,Q96DP5,0
2043,143,P29475,1
624,150,P42684,1
10,1201,Q92947,0
2045,399,Q9BV79,1
486,889,P27707,1
2046,1670,P50747,0
1600,1109,P28838,0
2047,734,P07359,0
394,553,P02766,0
1060,143,P29475,0
405,442,P37231,1
315,1672,P11597,1
822,64,Q03431,0
2048,321,P56817,1
175,1674,P30532,0
2049,558,P42892,0
2051,475,P11217,1
423,211,Q9Y6A2,1
2052,443,Q86XF0,1
2053,1464,P31358,0
1407,750,P49411,0
2017,351,P36544,0
485,1027,P61313,0
1963,1502,P33121,0
2054,87,Q86TI2,1
2055,85,P00734,1
167,1675,P13497,1
2056,28,Q9Y5Y4,1
161,670,Q9UK32,1
2057,140,P69905,1
116,177,P28332,0
25,1677,P25101,0
2058,9,Q9Y6R4,1
2060,751,P07602,0
1768,77,Q14289,0
2061,445,P29762,0
2062,1227,Q03405,1
2039,1679,O00408,0
242,185,P21549,0
2063,1680,P63096,0
930,910,Q13936,0
2064,718,O00591,0
2065,688,P61626,1
1261,463,P11142,0
880,1681,P50750,0
31,1334,Q14914,0
2066,558,P42892,0
793,170,P08294,1
2068,748,Q13698,0
1933,1102,P29460,0
792,891,P00338,0
87,1453,P10768,0
2071,28,Q9Y5Y4,1
69,9,Q9Y6R4,1
1478,18,Q99720,1
2073,553,P02766,1
23,1683,O95786,1
2074,382,Q92731,1
2075,1152,Q00536,0
802,167,P08709,1
366,506,Q96NT5,0
1496,1685,Q9NUB1,0
462,211,Q9Y6A2,1
2076,1686,Q9H2M3,0
391,1687,P16871,1
65,1688,Q13907,0
755,1615,P02746,0
71,1689,P28070,0
31,1690,O94832,0
1261,1244,Q06609,0
62,1197,Q02221,1
2078,942,Q9UKG9,1
768,79,P10827,0
477,491,P11684,0
2081,1691,Q9H5I1,1
1864,679,Q13231,0
197,342,Q9NXG6,0
219,296,Q3ZCW2,1
23,1692,Q15493,1
2082,239,O14521,1
664,1047,Q06203,0
395,1694,Q9NPH2,0
1694,975,P13196,0
23,1696,P04637,1
23,363,Q9BVA1,1
1507,367,Q9UKU7,0
2083,565,Q14432,1
2084,687,P03950,0
1062,952,P49356,1
190,1214,Q9GZV3,0
23,297,P54760,1
2085,140,P69905,1
285,670,Q9UK32,1
190,463,P11142,0
2088,110,P00374,0
2089,334,P01270,0
767,870,P43004,0
324,1109,P28838,1
2090,28,Q9Y5Y4,1
23,250,Q9BX84,1
453,1698,P08263,0
1071,1699,P02790,0
868,1700,P43166,0
2091,390,Q13526,1
2092,460,P08519,1
76,1702,Q9NYY3,1
416,792,P68036,1
303,930,O15217,0
1716,1214,Q9GZV3,1
94,539,P11172,1
367,333,P10109,1
2095,1705,P41231,0
2096,122,P43235,1
2097,718,O00591,0
2098,1706,Q15031,0
2099,475,P11217,1
1458,903,Q9Y243,1
23,1708,Q9NRG4,1
2100,380,Q9Y600,0
2101,640,P02671,0
1772,1709,P35346,0
2102,879,P23381,1
1559,1109,P28838,0
25,1079,P20333,0
1421,738,Q96CD2,0
475,1710,P43681,0
707,56,P37058,0
2103,718,O00591,0
58,77,Q14289,1
2104,288,P16870,0
1476,782,P24855,0
2106,183,Q16772,1
1064,1712,P04275,0
324,296,Q3ZCW2,1
2107,1713,P26951,0
2108,106,P50336,1
61,1714,O14788,0
593,1164,P14780,1
2109,28,Q9Y5Y4,1
348,1060,P51788,0
157,601,O14949,0
2110,49,P24385,1
1515,1196,P04035,0
2112,1715,Q16348,0
2113,79,P10827,0
2114,505,P48544,0
502,301,P04818,1
89,1717,P09619,1
1261,1184,Q03181,0
2115,1453,P10768,0
57,121,P20132,0
2116,1718,P69892,0
23,1719,O15392,1
2117,1720,P10144,0
23,1722,Q7Z3T8,1
560,126,P00156,1
1343,1723,P22749,0
63,802,P51511,0
57,1724,P35610,0
2118,349,P0DJD8,1
46,54,P31323,0
357,1725,P48552,0
121,1035,P49638,0
23,115,Q15796,1
2120,1434,Q16719,0
25,1361,Q96GD4,0
285,959,P35916,1
197,1726,P07327,0
2122,1716,P00973,1
2123,123,P15954,0
2124,1727,P31327,0
277,1151,P55789,0
23,1728,P78563,1
1817,1024,P32418,0
2125,153,Q6JVE9,1
1925,1617,P31513,0
460,1729,P02760,0
2126,251,Q02127,1
23,1730,P14543,1
825,413,Q14749,1
460,200,P13929,0
2127,1731,P49888,0
219,1380,P05187,1
2128,553,P02766,1
2130,1201,Q92947,0
2131,86,P34896,0
792,1463,P80365,0
2132,1076,P08887,0
1838,725,Q9NRK6,1
65,1007,P02753,0
1313,395,P31930,0
23,1734,P27694,1
1790,709,Q8WTV0,0
1696,845,P21917,0
2133,961,Q99884,0
2134,858,O00519,1
699,1420,P48637,0
1864,178,P12318,0
573,1166,O15528,0
222,720,P99999,0
23,1020,P53041,1
709,963,P19235,0
355,1438,P13674,0
2136,9,Q9Y6R4,1
145,1735,Q96D53,1
2137,1736,P13639,0
1106,1737,Q16134,1
1677,1738,P39086,0
2138,176,P40261,1
263,274,Q15303,1
2139,81,Q16478,1
463,17,P04062,0
1334,1483,P48506,0
2042,237,Q5JWF2,0
2140,208,P09874,1
161,53,P22455,1
1128,890,Q13255,0
1935,1740,P78348,0
23,1741,Q14203,1
2142,81,Q16478,1
373,639,P28472,0
66,144,O43497,0
821,1743,P22888,0
303,1366,P50579,0
2101,1059,Q16873,0
255,1744,P04083,0
1523,1745,P11226,0
25,1746,P07237,0
23,40,P78536,1
44,1033,Q9NRR6,1
786,261,Q8N8R3,0
2143,1747,P55017,0
72,396,P49747,0
477,987,P25100,0
2144,1226,Q9Y289,0
70,1748,Q9BW91,0
167,122,P43235,1
23,487,Q08426,1
1527,1749,Q03721,0
44,885,P30049,1
2145,343,P22314,0
2146,305,Q05940,0
2147,1750,P13727,0
2148,398,P34059,1
69,1751,P08922,1
2149,405,Q8IWU9,0
640,492,P34741,0
1033,44,Q9Y5K2,1
2150,1598,P15085,0
2151,243,P21964,1
1265,802,P51511,0
1723,198,Q01959,1
394,971,P21589,0
1331,115,Q15796,1
2152,9,Q9Y6R4,1
321,315,Q9H477,1
2153,95,Q9H4Y5,1
1307,193,P49448,1
1789,1244,Q06609,0
1726,806,P15309,0
1545,293,P51843,0
767,1753,P33527,0
2154,1056,P02774,0
2155,603,O75936,0
368,1571,P46976,0
664,844,Q02809,0
2102,155,Q9UKV8,1
2156,1298,Q02218,0
1065,220,P00403,1
2157,1755,P14324,1
1965,1756,P15121,0
2158,442,P37231,1
2159,122,P43235,1
820,738,Q96CD2,0
2160,44,Q9Y5K2,1
2162,1757,P68104,0
2163,647,Q7L0J3,0
105,1569,P17302,0
25,1390,P30613,0
2164,297,P54760,0
2165,914,O14832,0
1106,395,P31930,1
1983,398,P34059,1
1172,846,Q9NPB1,1
1182,1755,P14324,0
563,417,P31153,0
303,546,Q07817,0
2168,1048,O75751,0
2169,532,O75489,0
9,1616,Q9BZL6,1
2170,861,Q8TC12,0
2171,194,P16083,1
87,1758,O75438,0
348,1636,Q96RD7,0
23,1759,Q8IWL3,1
285,91,P35968,1
23,1760,P54727,1
2173,53,P22455,1
9,1762,P53671,1
285,274,Q15303,1
2174,9,Q9Y6R4,1
1487,461,P09238,0
2011,1025,P53597,0
37,1084,Q13555,0
639,1051,P04278,1
1315,44,Q9Y5K2,1
1063,28,Q9Y5Y4,1
30,662,Q9Y616,1
802,1336,Q10588,1
2176,442,P37231,1
481,350,P49821,0
2177,1764,Q8NBN7,0
2178,443,Q86XF0,1
203,759,P35557,1
2179,1557,Q6IB77,0
2180,194,P16083,1
285,1766,Q6PHR2,1
453,314,P09210,0
30,643,Q9H2G2,1
659,802,P51511,0
2182,340,Q9HB21,0
679,476,Q9BYZ2,0
2183,9,Q9Y6R4,1
204,1767,Q96NX5,0
65,344,P14174,0
2184,9,Q9Y6R4,1
1275,1596,P22894,0
874,156,P62508,0
2185,1657,P35237,0
2186,1768,Q15274,0
303,876,Q7Z4W1,0
2188,211,Q9Y6A2,1
789,1492,Q02643,0
430,910,Q13936,0
2189,1021,P08238,1
909,639,P28472,0
1709,902,Q92637,0
1730,67,P30519,0
153,1390,P30613,0
1709,1007,P02753,0
2190,898,Q9NZD2,1
2191,1010,P35080,0
824,1659,P24347,0
813,1771,P32320,0
2192,9,Q9Y6R4,1
2193,199,P05062,0
2194,1772,Q9H4M7,0
894,1755,P14324,0
2195,475,P11217,1
182,758,P08100,0
134,600,P02708,0
2197,194,P16083,1
2198,858,O00519,0
119,1774,P08700,0
2034,202,P22303,1
2200,9,Q9Y6R4,1
2201,244,Q9NWT6,1
1640,352,Q9BQB6,0
2203,801,P47869,0
2204,549,P05787,0
2206,1433,Q16698,0
296,714,Q12866,1
2210,281,P02768,1
2211,864,P12429,0
2212,118,P03372,1
1848,1763,O43772,0
2213,1780,P02745,0
2215,1781,P0DJD9,0
268,1782,P29597,0
882,35,P13051,0
426,60,P15144,0
55,193,P49448,1
1939,1223,P29218,0
69,1050,P36888,1
1871,202,P22303,1
605,5,P31645,1
74,153,Q6JVE9,1
169,69,P51451,1
2216,28,Q9Y5Y4,1
2217,1783,P33908,0
2218,143,P29475,1
1291,1084,Q13555,0
202,356,Q05655,0
2219,321,P56817,1
2221,309,Q9Y6M4,0
1781,108,P08243,0
2222,718,O00591,0
2223,465,P49247,0
2224,1286,O00555,0
198,719,Q9NVJ2,1
105,986,P49841,0
2191,561,P30793,0
303,1022,P04150,0
182,1184,Q03181,0
2226,1725,P48552,0
2227,718,O00591,0
2228,1600,P05230,0
2229,76,Q3LIE5,1
2230,889,P27707,0
2231,565,Q14432,1
293,1367,O14735,0
829,163,P26358,0
727,89,Q9ULZ9,1
1677,1787,P10696,0
2235,278,Q9UQ80,1
51,827,Q9BY41,1
615,674,P14920,0
2236,9,Q9Y6R4,1
2237,460,P08519,1
2238,718,O00591,0
58,772,Q08881,1
2239,28,Q9Y5Y4,1
9,145,Q9UQM7,1
2240,207,P07949,0
2241,282,P54829,1
103,27,Q01740,0
16,1154,P00451,0
866,204,Q01064,0
2242,213,O15540,0
10,1519,P32119,0
23,529,Q9NW38,1
508,1789,P29373,0
272,762,O14818,0
124,1242,P24310,1
198,1584,Q13432,1
2243,44,Q9Y5K2,1
2245,1114,O00764,0
2246,1790,Q9H3N8,0
671,556,Q15661,0
2247,274,Q15303,1
23,1791,P60568,1
2248,108,P08243,0
2249,615,P15531,0
363,305,Q05940,1
2250,902,Q92637,0
43,154,P08253,1
1661,1520,O75493,0
2252,151,P18505,0
110,360,Q07954,0
2253,869,P07339,0
49,1793,P61024,0
1435,658,P35372,0
1199,256,Q92753,1
821,1763,O43772,0
72,1795,Q14032,0
430,1255,P50416,0
68,1098,O00141,0
2255,1314,O15379,0
1559,614,P19099,0
2256,565,Q14432,1
2257,788,P08581,1
659,924,O60882,0
2165,245,Q9NYK1,0
2258,605,P30837,0
1793,93,P00813,0
388,1657,P35237,0
1064,1142,P45844,0
2260,1384,P00742,1
209,1181,Q9GZT4,0
1756,256,Q92753,1
85,864,P12429,0
1034,1476,P15090,0
821,1797,Q9UNI1,0
1309,1717,P09619,1
353,1570,Q6ZQN7,0
338,1799,P23975,0
2262,211,Q9Y6A2,1
315,858,O00519,1
671,60,P15144,0
1153,666,P19634,0
255,1800,O15169,0
2264,1801,O00180,0
2265,1650,P49137,0
982,1337,P62913,0
115,1802,P14060,0
37,196,P32322,0
1275,925,P31350,0
2267,1798,P37288,1
1146,169,O00217,0
2269,1250,Q13554,0
2270,1480,Q99418,1
2272,9,Q9Y6R4,1
658,1528,P35219,0
23,1755,P14324,1
2273,959,P35916,1
2274,817,P36021,0
51,1332,P18054,1
2275,1489,P08183,0
415,1447,P22695,0
58,91,P35968,1
2277,1804,P60900,0
148,245,Q9NYK1,0
2278,1384,P00742,1
9,446,P43405,1
23,1805,O94972,1
23,1806,Q9UMR2,1
2279,1807,Q6NS38,0
23,1808,Q9UH73,1
2280,1809,P28066,0
302,1810,P30044,0
99,267,Q9P0L2,1
200,1443,O60218,0
1900,126,P00156,1
916,1615,P02746,0
2282,628,Q13285,0
1519,927,P50440,0
1364,1812,Q13426,0
74,1813,P10599,1
2127,1377,Q15166,0
2283,718,O00591,0
1374,769,P31939,0
1817,816,Q9HCD5,0
529,1338,Q06124,0
2284,775,P16219,0
2285,9,Q9Y6R4,1
2286,1814,O00341,0
789,277,Q96AZ6,0
1199,516,P51161,1
2287,351,P36544,0
1241,1024,P32418,1
2288,154,P08253,1
453,1197,Q02221,0
2289,1385,P60174,0
23,1815,Q7Z4I7,1
367,527,P21912,1
1407,632,P23258,0
2290,550,O15145,0
319,974,P47985,1
762,992,P42658,0
1933,1780,P02745,0
662,1664,Q01581,0
2291,1639,Q13200,0
2292,1816,P07101,0
331,114,P42345,1
1017,1029,Q12809,1
528,1448,P29508,0
1364,1591,Q9H598,0
2294,1246,O14880,0
1281,1818,Q5FBB7,1
802,1559,P62993,1
709,1819,Q9UGM6,0
2295,1399,Q99250,0
2107,1198,P16410,0
882,336,P48061,0
667,1135,O95069,0
2296,592,Q00534,0
2300,618,P15056,1
1543,49,P24385,0
708,175,P36952,0
2301,1181,Q9GZT4,0
324,236,Q99574,1
2302,460,P08519,1
263,319,P14616,1
10,1820,Q96RQ3,0
352,221,O60391,0
951,1821,O43272,0
324,457,Q04828,1
741,1714,O14788,0
2303,788,P08581,1
2304,923,Q9BYF1,1
2305,1822,Q9UNQ0,0
370,985,Q96I99,0
2307,957,P19971,1
2308,443,Q86XF0,1
282,491,P11684,0
63,1823,P00450,0
1203,1824,Q9HAW9,0
2114,810,Q14500,0
2170,1184,Q03181,0
2309,1062,O75116,0
2066,1035,P49638,0
2131,1825,P34897,0
466,1826,P17676,1
2310,9,Q9Y6R4,1
1318,1444,Q8NFJ5,0
2311,1118,P00915,0
1707,1827,Q04656,0
23,1304,P26368,1
9,164,O43353,1
889,239,O14521,0
2312,143,P29475,1
2313,1160,P18858,0
2314,89,Q9ULZ9,1
348,213,O15540,0
370,737,P23434,0
1888,1109,P28838,1
2316,825,Q9Y6F1,1
2317,106,P50336,1
1559,114,P42345,0
2318,1828,Q9Y619,0
1053,317,Q9Y2I1,1
2319,1161,Q12756,0
2320,848,P00367,0
2321,1448,P29508,0
1933,1715,Q16348,0
21,1050,P36888,0
184,687,P03950,0
354,28,Q9Y5Y4,1
2322,1829,Q9HCP0,0
227,242,Q16513,1
1509,974,P47985,1
203,1830,O60729,1
155,83,Q9BY49,1
222,1075,O43612,0
2156,1530,P27797,0
20,28,Q9Y5Y4,1
2324,1733,P00568,0
694,663,P11362,0
1364,1429,P47712,0
2325,744,O00329,0
2326,202,P22303,1
2327,44,Q9Y5K2,1
423,1834,Q9UMR5,1
1100,1510,P13716,0
2328,494,Q16831,1
2329,417,P31153,0
202,634,O60603,0
2330,666,P19634,0
293,687,P03950,0
89,699,Q16584,1
68,1835,P35520,0
2332,825,Q9Y6F1,1
315,44,Q9Y5K2,1
44,1836,Q6VAB6,1
2334,1837,P49588,0
2335,1568,P14550,0
25,221,O60391,0
2336,419,Q16853,0
2337,693,P56937,0
710,847,P49336,0
544,233,Q13976,1
303,1325,P24941,0
2339,963,P19235,1
185,28,Q9Y5Y4,1
2340,562,P14410,1
2341,67,P30519,0
24,949,Q8TF76,1
2342,1021,P08238,1
1557,775,P16219,0
2343,1619,P48735,0
1723,28,Q9Y5Y4,1
2344,1352,P47929,0
87,1840,P62714,0
2345,282,P54829,1
2346,1841,O15460,0
9,840,P07333,1
2116,1842,Q08493,0
2347,403,P08620,0
25,929,P21397,0
2348,475,P11217,1
2349,1843,O60502,1
23,1844,Q02878,1
371,1767,Q96NX5,0
518,1299,P36896,0
1476,1063,P30419,0
1539,350,P49821,0
23,1845,Q8IYW5,1
355,89,Q9ULZ9,0
2350,1029,Q12809,0
1118,1457,P51580,1
28,862,Q9UPY5,0
279,1050,P36888,1
1924,1515,Q16566,0
1515,1846,P41235,0
2352,545,P53355,1
1317,1050,P36888,1
1604,663,P11362,0
92,1216,P03923,0
2353,1847,Q9BZX2,0
2354,1848,P17252,0
2355,1390,P30613,1
2356,130,P06401,1
906,475,P11217,1
494,390,Q13526,1
684,848,P00367,0
222,945,O15554,0
2357,771,P42768,0
34,39,P80188,0
1146,105,Q9NRF9,0
579,69,P51451,1
649,480,P10636,0
216,61,P35749,0
1852,37,O60294,0
2358,1850,P14621,0
198,1480,Q99418,1
2359,69,P51451,1
285,1413,Q15046,1
1629,1609,P51659,0
267,478,P10721,0
1880,1853,O75795,0
1472,1499,Q9Y689,0
2361,1135,O95069,0
882,1557,Q6IB77,0
104,450,P05166,0
466,1218,Q9NVS9,1
145,1717,P09619,1
2362,9,Q9Y6R4,1
155,1854,Q96T60,1
1312,1855,O14965,0
480,1355,P54819,0
2363,1856,Q92959,0
23,1374,Q9H361,1
2365,328,P08588,0
303,1035,P49638,0
2366,9,Q9Y6R4,1
1640,1481,O43766,0
2367,211,Q9Y6A2,1
2368,1660,P28335,0
2369,112,Q16270,0
1629,78,P00480,0
2370,3,Q9Y2D0,1
609,624,O15530,0
44,1858,P23919,1
1933,1659,P24347,0
1669,78,P00480,0
2373,1860,P56192,0
1047,642,P23526,0
2375,1443,O60218,0
2376,171,Q8WWI5,0
2221,1609,P51659,0
423,1257,Q9Y5R8,1
342,617,P00414,0
2377,392,P08908,0
2378,1863,P55263,0
2379,9,Q9Y6R4,1
293,1242,P24310,0
1730,635,P07550,0
2380,1007,P02753,0
2113,591,P46926,0
44,113,Q9HBA0,1
2381,578,P35348,0
1769,1084,Q13555,0
433,1667,Q86W47,0
23,9,Q9Y6R4,1
1406,1368,P61587,0
2382,397,P07858,1
459,1865,Q9Y697,0
55,943,Q5SRE7,1
2383,198,Q01959,1
563,1866,O95831,0
1056,216,Q9UNA0,1
2384,3,Q9Y2D0,1
23,1867,Q13490,1
1426,1868,P48167,0
2385,256,Q92753,1
2386,927,P50440,0
2387,480,P10636,0
291,317,Q9Y2I1,1
23,758,P08100,1
868,409,P40939,0
2388,198,Q01959,1
1898,1159,P13995,0
2389,153,Q6JVE9,1
23,1210,Q9ULD4,1
188,105,Q9NRF9,0
72,1870,P07360,0
2391,1109,P28838,1
61,249,P20594,0
366,1060,P51788,0
44,1871,Q9BYN0,1
233,1872,Q9P0Z9,0
997,618,P15056,1
2393,407,P02788,1
2395,1301,P62330,0
148,600,P02708,0
1137,624,O15530,0
514,1205,Q16538,0
1579,617,P00414,0
51,1816,P07101,1
23,1874,Q02543,1
2396,14,P21695,0
2397,1251,Q8N119,0
2398,202,P22303,1
2399,1340,P00395,0
25,1265,O14786,0
2401,668,Q9UQF2,0
2402,28,Q9Y5Y4,1
2403,915,P52732,1
2404,1051,P04278,1
2321,1104,P14868,0
2088,617,P00414,0
83,1347,Q14994,0
667,394,P0CG29,0
263,1702,Q9NYY3,1
2405,718,O00591,0
2406,388,O75460,0
23,721,Q9Y3D2,1
1394,922,P56524,0
2408,418,P31150,0
222,1816,P07101,0
2411,553,P02766,1
739,287,P17752,0
198,301,P04818,1
149,810,Q14500,0
2246,1228,P18507,0
2296,430,P11717,0
144,523,P05556,0
1219,569,Q12908,0
2414,202,P22303,1
2415,300,P00492,0
2416,89,Q9ULZ9,1
2417,1736,P13639,0
2127,140,P69905,1
2419,3,Q9Y2D0,1
2420,349,P0DJD8,1
2421,398,P34059,1
702,235,P00167,0
2422,1060,P51788,0
2423,69,P51451,1
2424,139,O95255,0
624,341,P42338,1
1900,868,Q9UDW1,1
2425,125,P06213,0
2426,1650,P49137,0
2427,1485,P12883,0
184,1756,P15121,0
2428,225,P11498,1
2429,1876,O60547,0
1726,1058,P28845,0
44,1430,Q08188,1
2430,1433,Q16698,0
69,699,Q16584,1
2431,920,P09960,1
1785,46,P56696,0
167,3,Q9Y2D0,1
2433,558,P42892,1
198,439,P05089,1
2434,1878,Q9NR33,0
160,929,P21397,0
1898,1879,O15067,0
2435,1043,P20702,1
2437,9,Q9Y6R4,1
1207,28,Q9Y5Y4,1
23,1880,P23771,1
324,1881,P35247,1
348,418,P31150,0
2439,28,Q9Y5Y4,1
2441,784,O43526,0
699,716,P21796,0
62,617,P00414,1
325,199,P05062,0
1853,1172,P42898,0
46,1330,P19105,0
1065,1197,Q02221,1
2443,590,Q15596,0
272,732,Q08209,0
496,48,Q02750,0
2156,491,P11684,0
23,952,P49356,1
2444,1882,P07451,0
2445,49,P24385,1
2446,702,P08048,0
324,315,Q9H477,1
961,1883,Q15102,0
754,1095,Q6UX04,1
2447,1884,P23467,1
2448,627,P12724,1
641,1215,P08185,0
1933,607,Q9Y6M7,0
1267,639,P28472,0
2449,1746,P07237,0
203,973,P36871,1
197,1441,O75390,0
2170,1802,P14060,0
2450,496,P08684,0
23,69,P51451,1
2451,28,Q9Y5Y4,1
31,1270,O43169,0
480,301,P04818,0
934,480,P10636,0
808,1887,P52895,0
374,868,Q9UDW1,1
1100,641,P11474,0
89,670,Q9UK32,1
928,1888,Q9UBM7,0
808,1034,P50135,0
41,940,Q9UBX1,0
2454,28,Q9Y5Y4,1
2456,1702,Q9NYY3,1
2457,378,P08574,0
2458,256,Q92753,0
2460,106,P50336,1
228,403,P08620,0
1348,152,P13945,0
1932,1165,Q9Y275,0
161,1263,P54762,1
2461,625,P01589,0
638,1890,P07947,0
2463,1534,Q99835,0
1475,1891,P50225,0
1294,198,Q01959,1
1345,267,Q9P0L2,1
797,1232,P43005,0
1495,1611,P46098,0
2464,22,Q9H3S4,0
1365,38,Q8TCU5,0
600,689,P14625,0
1517,478,P10721,0
722,1837,P49588,0
2466,90,Q12852,1
671,104,P14854,0
23,128,Q02156,1
2467,1892,P53779,0
2468,1196,P04035,1
1487,63,P00966,0
1425,516,P51161,1
2469,321,P56817,1
984,1418,Q07869,0
951,913,Q9UJS0,0
1690,457,Q04828,1
2470,868,Q9UDW1,1
2471,362,P00505,0
68,42,P02818,0
21,376,P53004,0
1799,76,Q3LIE5,1
1579,812,P06744,0
951,1893,P31937,0
2473,626,P09958,0
1446,1007,P02753,0
1251,1010,P35080,0
2474,553,P02766,1
2475,126,P00156,0
2017,1035,P49638,0
76,207,P07949,1
57,1048,O75751,0
2476,493,P12314,0
1309,5,P31645,1
2380,860,Q03403,0
25,1895,P14778,0
2477,282,P54829,1
1607,285,P21980,0
2478,282,P54829,1
2479,1897,Q13639,0
2123,1898,P21266,0
685,178,P12318,0
1176,1670,P50747,0
2481,443,Q86XF0,1
145,959,P35916,1
2482,85,P00734,1
364,1090,P51570,0
2483,77,Q14289,1
43,717,P51512,1
866,445,P29762,0
1817,863,Q07699,0
304,985,Q96I99,0
901,1506,P38484,0
373,1899,O75900,0
490,1500,P18405,0
2485,553,P02766,1
882,1900,P06729,0
764,1123,P16581,0
23,1702,Q9NYY3,1
2486,1022,P04150,1
2148,1884,P23467,1
384,1901,Q8NFW8,0
2487,1700,P43166,0
2488,245,Q9NYK1,0
638,1902,P30559,0
2489,263,P16930,1
2490,94,P35228,1
2491,9,Q9Y6R4,1
564,382,Q92731,1
2493,1624,P40763,1
708,381,P38606,0
2335,1438,P13674,0
797,1169,P48664,0
1071,1904,P02749,0
2496,446,P43405,1
2498,87,Q86TI2,1
2499,973,P36871,0
2221,1297,P18085,0
1873,211,Q9Y6A2,1
2313,1168,Q9BY32,0
800,347,Q494W8,1
68,456,P41240,0
23,1905,O15164,1
196,95,Q9H4Y5,0
2500,1906,P02794,0
2501,485,O15244,0
1790,697,O76083,0
2502,208,P09874,1
2504,85,P00734,1
406,104,P14854,0
2505,69,P51451,1
728,69,P51451,1
2506,1907,P42126,0
587,1118,P00915,0
2507,63,P00966,0
1065,601,O14949,1
594,293,P51843,0
2509,1910,Q9ULH7,1
196,1171,P78417,0
304,469,P51170,0
203,960,P12694,1
9,29,Q8IYT8,1
580,1911,P46721,0
2510,1801,O00180,0
2511,457,Q04828,1
1071,1912,O75976,0
2512,312,O43708,0
68,1622,P53350,0
1248,9,Q9Y6R4,1
1640,1491,Q7LG56,0
1265,119,O60264,0
2320,1820,Q96RQ3,0
559,921,Q13085,0
10,203,Q92831,0
155,1468,Q99497,1
2513,1021,P08238,1
2514,1901,Q8NFW8,0
2316,208,P09874,1
121,1846,P41235,0
2515,347,Q494W8,1
2516,238,P0C0L4,0
1062,1097,Q92696,1
1898,1757,P68104,0
223,5,P31645,1
2518,281,P02768,1
2519,87,Q86TI2,1
1446,844,Q02809,0
63,660,Q9NRE1,0
829,207,P07949,0
2520,356,Q05655,1
1743,69,P51451,1
66,1515,Q16566,0
175,251,Q02127,0
2521,249,P20594,0
2522,1816,P07101,0
1335,1633,Q8IU85,0
76,242,Q16513,1
72,724,P16066,0
981,9,Q9Y6R4,1
2523,316,P37088,0
2524,87,Q86TI2,1
2525,161,Q9UBT6,0
2526,355,Q9NY46,0
667,1525,O14649,0
61,67,P30519,0
133,153,Q6JVE9,1
1031,1368,P61587,0
1629,1301,P62330,0
76,145,Q9UQM7,1
2528,135,P21554,0
332,768,P24666,1
2529,1771,P32320,0
2530,618,P15056,1
2531,859,P30041,0
1237,1797,Q9UNI1,0
209,1165,Q9Y275,0
399,443,Q86XF0,0
710,178,P12318,0
821,1060,P51788,0
304,1136,P15382,0
1933,1189,Q16878,0
360,832,P17174,0
728,455,O95819,1
1129,151,P18505,0
802,553,P02766,1
2534,46,P56696,0
524,1029,Q12809,1
2535,505,P48544,0
2536,841,P12235,0
2538,1029,Q12809,1
2539,9,Q9Y6R4,1
2540,9,Q9Y6R4,1
2541,975,P13196,0
2542,1917,Q15075,0
2543,1786,O14764,0
722,716,P21796,0
2353,1775,P27815,0
2475,1469,O94808,0
2544,443,Q86XF0,1
353,330,P27695,0
384,1650,P49137,0
1694,607,Q9Y6M7,0
492,316,P37088,0
199,1370,P23368,0
492,663,P11362,0
959,646,P32238,0
2546,742,Q99714,1
76,1466,P29376,1
808,1898,P21266,0
2547,5,P31645,1
654,786,Q8N1C3,0
1426,860,Q03403,0
117,378,P08574,1
2548,1030,P01133,0
2013,270,Q8NE62,0
684,193,P49448,0
2549,134,P02461,0
2550,89,Q9ULZ9,1
694,935,Q9Y5Y9,0
2551,89,Q9ULZ9,1
44,77,Q14289,1
1629,624,O15530,0
2552,1554,P05107,0
1604,354,P45452,0
2553,403,P08620,0
2554,226,P35354,1
2555,9,Q9Y6R4,1
293,1919,P51955,0
2260,85,P00734,1
430,333,P10109,0
2556,1001,O15269,0
2557,9,Q9Y6R4,1
1153,505,P48544,0
404,1757,P68104,0
2558,1539,Q9UHL4,1
1056,40,P78536,1
203,883,P01911,1
1169,1530,P27797,0
2560,28,Q9Y5Y4,1
934,610,P07510,0
285,90,Q12852,1
924,1920,P08173,0
1345,1124,Q5S007,1
1669,114,P42345,0
1575,407,P02788,1
2562,1913,P22061,0
2563,3,Q9Y2D0,1
1487,265,P10600,0
107,211,Q9Y6A2,1
320,1921,Q6IBS0,0
1454,1434,Q16719,0
167,85,P00734,1
926,1922,P20248,0
2564,791,P29275,0
748,712,P41743,0
184,1924,P25774,0
23,1925,Q8IUQ4,1
430,493,P12314,0
2565,803,Q04771,1
2566,1926,Q13126,0
799,471,Q9Y6R1,0
1479,505,P48544,0
2568,1927,Q96RS0,1
2569,282,P54829,1
1994,1061,P01303,0
2571,28,Q9Y5Y4,1
810,698,P09172,0
811,1102,P29460,0
983,1424,O95149,1
406,220,P00403,0
2572,1037,Q16822,1
2575,87,Q86TI2,1
797,410,O43181,0
1365,1008,P17600,0
82,475,P11217,1
2578,1932,P35869,0
1764,730,P08172,0
99,69,P51451,1
2579,994,Q16654,1
167,1213,P29017,1
2063,1368,P61587,0
882,1188,O75874,0
2443,1934,P07148,0
27,503,Q06432,0
2580,1029,Q12809,1
2088,1347,Q14994,0
352,1935,P49354,0
179,9,Q9Y6R4,1
1265,1643,P47989,0
821,1017,Q00535,0
475,289,P17787,0
2581,870,P43004,0
576,185,P21549,0
1118,1165,Q9Y275,1
76,233,Q13976,1
2582,13,Q01082,0
2149,674,P14920,0
2583,1936,P33176,0
2584,475,P11217,1
2585,1816,P07101,0
1146,1099,P00441,0
2586,994,Q16654,1
2588,44,Q9Y5K2,1
2589,245,Q9NYK1,0
2590,160,P05413,0
144,1939,O95180,0
110,1940,P15151,0
1005,1491,Q7LG56,0
480,1171,P78417,0
50,704,O15144,0
2592,198,Q01959,1
2593,1048,O75751,0
2594,550,O15145,0
2595,1468,Q99497,0
688,1173,P28222,0
2596,140,P69905,1
1543,1180,P09601,0
2597,1218,Q9NVS9,0
74,1942,P16157,1
2598,1048,O75751,0
1312,356,Q05655,0
303,515,P11802,0
2470,481,P14927,1
303,181,O14646,0
2186,1625,Q86VW1,0
121,678,P09848,0
2599,900,P49366,0
607,1280,P16473,0
2601,586,P43220,0
138,231,Q15858,0
2602,163,P26358,0
70,1473,P11766,0
2604,94,P35228,1
23,1943,P62888,1
463,589,Q99798,0
203,1422,O95782,1
267,126,P00156,0
353,1944,O75380,0
2605,1764,Q8NBN7,0
2606,9,Q9Y6R4,1
342,1945,Q9NPD5,0
2607,827,Q9BY41,1
1840,1935,P49354,1
2608,384,P22830,0
2388,28,Q9Y5Y4,1
97,1171,P78417,0
197,1013,P35670,0
85,947,P05141,0
2609,717,P51512,1
2610,759,P35557,0
2240,1050,P36888,0
2611,282,P54829,1
1934,1879,O15067,0
659,592,Q00534,0
1975,1335,P36222,0
2612,246,P23786,0
1935,1013,P35670,0
690,1154,P00451,1
658,849,P04271,0
1772,1947,P30874,0
1476,1819,Q9UGM6,0
1119,1397,P52209,0
1309,425,P98153,1
197,1619,P48735,0
2556,1948,O15270,0
757,1949,P10828,0
2614,606,P54802,0
367,230,Q06278,1
76,1050,P36888,1
1354,1546,P78334,0
30,1766,Q6PHR2,1
709,1005,P0CG47,0
1669,85,P00734,0
2615,399,Q9BV79,1
667,748,Q13698,0
2616,530,P12236,0
722,7,P04632,0
23,1952,Q9Y3Z3,1
2617,1050,P36888,0
2618,20,P49221,0
107,198,Q01959,1
821,1630,P45880,0
23,585,P22681,1
138,1146,O75899,0
1478,28,Q9Y5Y4,1
468,704,O15144,0
51,1095,Q6UX04,1
1116,255,Q9BR01,1
2620,443,Q86XF0,1
1668,49,P24385,1
169,98,Q9Y3B4,1
161,448,Q16620,1
929,643,Q9H2G2,1
699,243,P21964,0
65,417,P31153,0
315,337,P51649,1
2622,475,P11217,1
23,1953,Q9H461,1
2623,191,P10646,0
1145,1107,P09237,1
9,837,Q13464,1
620,1009,Q9P286,1
2624,1166,O15528,0
9,662,Q9Y616,1
23,1235,Q9H3D4,1
395,907,O15245,0
1666,1954,P06756,0
2625,918,O95479,0
2626,209,O95881,0
2627,1955,O75015,0
23,1956,P15918,1
2629,281,P02768,1
2630,986,P49841,0
1339,407,P02788,1
69,1036,O96017,1
755,440,Q14181,0
772,1366,P50579,0
2631,1079,P20333,0
160,590,Q15596,0
2506,1557,Q6IB77,0
600,751,P07602,0
2632,1865,Q9Y697,0
2633,28,Q9Y5Y4,1
148,1215,P08185,0
1205,1958,P84098,0
792,1555,P23219,0
1608,870,P43004,0
9,612,Q16288,1
44,49,P24385,1
352,790,P05165,0
1332,884,P45954,0
2546,1932,P35869,1
1312,520,P16455,0
2634,1959,Q6PHW0,1
1817,1960,Q9HB40,0
2488,472,O14936,0
490,1961,P51857,0
1859,64,Q03431,0
410,368,Q8N9I0,0
973,425,P98153,1
2635,728,Q00796,0
222,182,P22735,0
1348,1463,P80365,0
792,1962,P07864,0
586,1963,Q92930,0
2636,665,Q9ULJ8,1
1819,1677,P25101,0
2637,211,Q9Y6A2,1
2253,745,P18031,0
2638,430,P11717,0
1790,1680,P63096,0
167,1384,P00742,1
2639,897,Q9P2R7,0
2203,935,Q9Y5Y9,0
2640,211,Q9Y6A2,1
2641,1471,P55011,0
1237,1148,P52758,0
475,1427,P16860,0
2642,81,Q16478,1
782,799,Q5TDP6,0
1261,382,Q92731,0
2643,44,Q9Y5K2,1
2644,1681,P50750,0
2646,182,P22735,0
23,1682,Q15843,1
2132,1348,P35408,0
2647,778,P17050,0
955,1847,Q9BZX2,0
23,1242,P24310,1
1406,478,P10721,0
2648,1198,P16410,0
219,255,Q9BR01,1
2649,452,P63316,0
2380,614,P19099,0
2650,1022,P04150,1
818,383,P16234,0
1507,1570,Q6ZQN7,0
203,1965,P38398,1
956,1799,P23975,0
657,1206,Q9BYC2,0
2651,44,Q9Y5K2,1
2652,1663,P14649,0
639,118,P03372,1
2653,1967,O15399,0
2654,118,P03372,1
2655,718,O00591,0
1669,487,Q08426,0
2656,703,O43674,0
85,1667,Q86W47,0
23,1968,Q13625,1
649,1609,P51659,0
594,624,O15530,0
1249,1557,Q6IB77,0
2658,718,O00591,0
2397,924,O60882,0
203,686,O00763,1
448,1616,Q9BZL6,1
987,280,P24752,0
2659,1467,P24557,0
591,988,P05113,0
2106,457,Q04828,1
296,9,Q9Y6R4,1
28,1969,P30838,0
2660,631,Q9Y646,0
2062,210,P01909,1
2378,895,O94925,0
2110,9,Q9Y6R4,1
28,108,P08243,0
2149,389,O00469,0
1633,1970,Q14451,1
381,1971,P06737,0
1527,1972,Q13183,0
1769,1244,Q06609,0
2662,464,Q8N0W4,1
324,356,Q05655,1
1326,107,P30305,0
2049,957,P19971,0
324,1193,P08236,1
62,966,P09669,1
1425,281,P02768,1
2663,388,O75460,0
167,692,Q5VVH2,1
1343,607,Q9Y6M7,0
2664,87,Q86TI2,1
907,915,P52732,0
2665,1153,O76082,0
2666,443,Q86XF0,1
2601,800,P35790,0
366,104,P14854,0
664,1973,P06276,0
803,1974,Q9C005,1
73,720,P99999,0
1669,56,P37058,0
352,42,P02818,0
2660,1179,Q96MA6,0
2101,923,Q9BYF1,0
1137,102,Q92569,0
2668,984,O00204,0
1861,567,P61073,0
394,1975,P78540,0
1604,751,P07602,0
2669,613,P01730,0
2670,198,Q01959,1
2671,99,P11310,0
114,829,P11166,0
1521,1977,Q8NCW5,1
705,44,Q9Y5K2,1
532,1709,P35346,0
576,641,P11474,0
83,1664,Q01581,0
366,316,P37088,0
198,442,P37231,1
2673,624,O15530,1
2674,524,P28331,0
916,343,P22314,0
92,1978,P26440,0
385,1979,P54886,0
2676,1981,Q9H2S1,0
2677,902,Q92637,0
829,989,Q99542,0
576,360,Q07954,0
1326,1919,P51955,0
2156,1983,P07711,0
23,1984,Q13620,1
2679,44,Q9Y5K2,1
2680,44,Q9Y5K2,1
689,1079,P20333,0
2116,1985,Q08499,0
222,829,P11166,0
23,627,P12724,1
1866,1385,P60174,0
1776,72,O95749,0
62,337,P51649,1
2683,1693,P19623,0
2684,897,Q9P2R7,0
2685,9,Q9Y6R4,1
9,455,O95819,1
501,1001,O15269,0
2687,827,Q9BY41,1
2688,1381,P07477,0
2689,763,P08842,0
2690,1635,P49788,0
1071,1670,P50747,0
868,1483,P48506,0
124,617,P00414,1
2509,1673,Q9Y615,1
1056,717,P51512,1
984,1396,P12259,0
384,606,P54802,0
2694,180,P30926,0
85,437,Q16515,0
1394,1072,P49327,0
2695,1292,Q14654,0
67,758,P08100,0
2696,256,Q92753,1
2697,118,P03372,1
981,1762,P53671,1
23,888,P61927,1
2698,213,O15540,0
166,1070,O75306,0
2699,1803,Q9H015,0
821,859,P30041,0
2701,464,Q8N0W4,1
2155,119,O60264,0
2258,1711,Q9UJ70,0
2702,28,Q9Y5Y4,1
58,478,P10721,1
324,949,Q8TF76,1
748,1989,P02778,0
2703,442,P37231,1
754,202,P22303,1
1571,1990,P46597,0
423,256,Q92753,1
68,624,O15530,0
1539,530,P12236,0
2705,1694,Q9NPH2,0
2706,41,P36542,0
214,363,Q9BVA1,0
2708,1835,P35520,0
1810,1972,Q13183,0
2709,270,Q8NE62,0
1910,743,P22459,0
909,265,P10600,0
2710,1856,Q92959,0
2711,118,P03372,1
2137,1993,O00187,0
809,1004,P10145,1
584,1995,Q13093,1
951,232,P29034,0
2712,434,P04424,0
2713,1029,Q12809,1
23,1996,P30876,1
689,148,P02452,0
1275,461,P09238,0
2715,194,P16083,1
2221,1997,O14561,0
2320,697,O76083,0
1569,1998,P05543,0
2115,1557,Q6IB77,0
2716,106,P50336,1
559,112,Q16270,0
2717,44,Q9Y5K2,1
315,320,Q13332,1
2718,1257,Q9Y5R8,0
416,1884,P23467,1
517,527,P21912,0
1557,261,Q8N8R3,0
638,1696,P04637,0
2720,460,P08519,1
2622,567,P61073,1
145,274,Q15303,1
599,157,Q9Y6Y9,1
2721,256,Q92753,1
23,1116,Q14653,1
1755,2000,P01215,0
2722,1723,P22749,0
2723,1079,P20333,0
1844,1136,P15382,0
960,986,P49841,0
2725,604,P50052,0
754,1400,Q9HCN6,1
